,Synsets,Domain,nrhypos,nrdirhypers,nrpartrels,depthfromtopsynset,glosslength,minwordlength,nroflemmas,polyscore_max,ngrams_last_mean,nrpartrels_normalised,depthfromtopsynset_normalised,glosslength_normalised,vote
0,Synset('adjustable_wrench.n.01'),tool,7,1,0,10,36,17,2,1,-18.85440188,0.0,1.0129032258064516,0.5631725787166202,nb
1,Synset('allen_wrench.n.01'),tool,0,1,0,10,25,12,1,1,-18.3891264,0.0,1.0129032258064516,0.3910920685532084,nb
2,Synset('alligator_wrench.n.01'),tool,0,1,0,10,97,16,1,1,-22.35469017,0.0,1.0129032258064516,1.5174372259864488,nb
3,Synset('awl.n.01'),tool,2,1,2,9,63,3,1,1,-14.80999674,15.7,0.9116129032258066,0.9855520127540852,b
4,Synset('backsaw.n.01'),tool,0,1,0,11,71,7,2,1,-18.3274757,0.0,1.1141935483870968,1.110701474691112,nb
5,Synset('ball-peen_hammer.n.01'),tool,0,1,0,10,63,16,1,1,-18.48889427,0.0,1.0129032258064516,0.9855520127540852,nb
6,Synset('beading_plane.n.01'),tool,0,1,0,10,62,13,1,1,-23.74098453,0.0,1.0129032258064516,0.969908330011957,nb
7,Synset('bevel.n.02'),tool,0,1,0,9,106,5,2,3,-14.97634131,0.0,0.9116129032258066,1.658230370665604,b
8,Synset('bill.n.08'),tool,0,1,0,10,38,4,2,13,-10.98524804,0.0,1.0129032258064516,0.5944599442008769,nb
9,Synset('block_plane.n.01'),tool,0,1,0,10,40,11,1,1,-18.27715276,0.0,1.0129032258064516,0.6257473096851335,nb
10,Synset('blunt_file.n.01'),tool,0,1,0,10,26,10,1,1,-23.04783735,0.0,1.0129032258064516,0.4067357512953368,nb
11,Synset('bodkin.n.04'),tool,0,1,0,9,49,6,2,4,-16.58006996,0.0,0.9116129032258066,0.7665404543642885,nb
12,Synset('box_wrench.n.01'),tool,0,1,1,10,72,10,2,1,-20.66606788,7.85,1.0129032258064516,1.1263451574332404,nb
13,Synset('brace_wrench.n.01'),tool,0,1,0,10,81,12,1,1,-23.02585093,0.0,1.0129032258064516,1.2671383021123954,nb
14,Synset('bradawl.n.01'),tool,0,1,0,10,55,7,2,2,-17.52110424,0.0,1.0129032258064516,0.8604025508170586,nb
15,Synset('brick_trowel.n.01'),tool,0,1,0,10,24,12,2,1,-19.41875535,0.0,1.0129032258064516,0.3754483858110801,nb
16,Synset('bricklayer's_hammer.n.01'),tool,0,1,0,10,30,19,1,1,-22.99965765,0.0,1.0129032258064516,0.4693104822638501,nb
17,Synset('bucksaw.n.01'),tool,0,1,0,10,109,7,1,1,-18.90531306,0.0,1.0129032258064516,1.7051614188919888,nb
18,Synset('bulldog_wrench.n.01'),tool,0,1,0,10,53,14,1,1,-23.02585093,0.0,1.0129032258064516,0.8291151853328019,nb
19,Synset('bullnose.n.01'),tool,0,1,0,10,62,8,2,1,-18.89701426,0.0,1.0129032258064516,0.969908330011957,nb
20,Synset('can_opener.n.01'),tool,1,1,0,10,30,10,2,1,-16.7853919,0.0,1.0129032258064516,0.4693104822638501,b
21,Synset('carpenter's_hammer.n.01'),tool,0,1,0,10,50,10,3,1,-17.92629977,0.0,1.0129032258064516,0.7821841371064169,nb
22,Synset('carpenter's_mallet.n.01'),tool,0,1,0,11,74,18,1,1,-20.25881761,0.0,1.1141935483870968,1.157632522917497,nb
23,Synset('carpenter's_square.n.01'),tool,0,1,0,10,59,18,1,1,-17.92136369,0.0,1.0129032258064516,0.922977281785572,nb
24,Synset('carriage_wrench.n.01'),tool,0,1,0,10,45,15,1,1,-23.02585093,0.0,1.0129032258064516,0.7039657233957752,nb
25,Synset('chain_tongs.n.01'),tool,1,1,1,12,144,11,1,1,-20.56293072,7.85,1.215483870967742,2.2526903148664807,nb
26,Synset('chain_wrench.n.01'),tool,0,1,0,13,28,12,1,1,-23.74098453,0.0,1.3167741935483872,0.4380231167795934,nb
27,Synset('chamfer_plane.n.01'),tool,0,1,0,10,33,13,1,1,-20.33978712,0.0,1.0129032258064516,0.5162415304902351,nb
28,Synset('church_key.n.01'),tool,0,1,0,11,74,10,1,1,-18.47829434,0.0,1.1141935483870968,1.157632522917497,nb
29,Synset('circular_plane.n.01'),tool,0,1,0,10,70,13,2,1,-19.21919598,0.0,1.0129032258064516,1.0950577919489837,nb
30,Synset('coal_shovel.n.01'),tool,0,1,0,10,32,11,1,1,-18.67208028,0.0,1.0129032258064516,0.5005978477481068,nb
31,Synset('combination_plane.n.01'),tool,0,1,0,10,70,17,1,1,-20.33978712,0.0,1.0129032258064516,1.0950577919489837,nb
32,Synset('compass_saw.n.01'),tool,0,1,0,11,59,11,1,1,-19.69793328,0.0,1.1141935483870968,0.922977281785572,nb
33,Synset('coping_saw.n.01'),tool,0,1,0,11,71,10,1,1,-17.8521066,0.0,1.1141935483870968,1.110701474691112,nb
34,Synset('crescent_wrench.n.01'),tool,0,1,0,11,110,15,1,1,-18.6472343,0.0,1.1141935483870968,1.7208051016341173,nb
35,Synset('crosscut_saw.n.01'),tool,0,1,0,11,62,10,3,1,-18.58384675,0.0,1.1141935483870968,0.969908330011957,nb
36,Synset('crown_saw.n.01'),tool,0,1,0,10,55,9,1,1,-20.13006662,0.0,1.0129032258064516,0.8604025508170586,nb
37,Synset('dado_plane.n.01'),tool,0,1,0,11,32,10,1,1,-21.54375995,0.0,1.1141935483870968,0.5005978477481068,nb
38,Synset('ditch_spade.n.01'),tool,0,1,0,11,53,11,2,1,-20.52867063,0.0,1.1141935483870968,0.8291151853328019,nb
39,Synset('dog_wrench.n.01'),tool,0,1,0,10,42,10,1,1,-22.35469017,0.0,1.0129032258064516,0.6570346751693902,nb
40,Synset('dovetail_plane.n.01'),tool,0,1,0,10,68,14,1,1,-23.02585093,0.0,1.0129032258064516,1.063770426464727,nb
41,Synset('entrenching_tool.n.01'),tool,0,1,0,10,57,15,2,1,-18.56483482,0.0,1.0129032258064516,0.8916899163013152,nb
42,Synset('file.n.04'),tool,7,1,1,9,105,4,1,9,-9.721257642,7.85,0.9116129032258066,1.6425866879234754,b
43,Synset('flat_file.n.01'),tool,0,1,0,10,29,9,1,1,-16.66771483,0.0,1.0129032258064516,0.4536667995217218,nb
44,Synset('flat_tip_screwdriver.n.01'),tool,0,1,0,10,87,20,1,1,-23.02585093,0.0,1.0129032258064516,1.3610003985651653,nb
45,Synset('float.n.05'),tool,0,1,0,9,104,5,2,16,-12.50989154,0.0,0.9116129032258066,1.6269430051813472,b
46,Synset('folding_saw.n.01'),tool,0,1,0,10,81,11,1,1,-20.56293072,0.0,1.0129032258064516,1.2671383021123954,nb
47,Synset('fore_plane.n.01'),tool,0,1,0,10,73,10,1,1,-20.18563645,0.0,1.0129032258064516,1.1419888401753686,nb
48,Synset('garden_spade.n.01'),tool,0,1,0,11,25,12,1,1,-18.4628699,0.0,1.1141935483870968,0.3910920685532084,nb
49,Synset('garden_trowel.n.01'),tool,0,1,0,10,26,13,1,1,-18.04054098,0.0,1.0129032258064516,0.4067357512953368,nb
50,Synset('gavel.n.01'),tool,0,1,0,11,53,5,1,1,-14.8318801,0.0,1.1141935483870968,0.8291151853328019,nb
51,Synset('hacksaw.n.01'),tool,0,1,0,10,40,7,3,1,-17.276416,0.0,1.0129032258064516,0.6257473096851335,nb
52,Synset('hammer.n.02'),tool,9,1,2,9,96,6,1,10,-11.8926874,15.7,0.9116129032258066,1.5017935432443204,b
53,Synset('hand_shovel.n.01'),tool,6,2,0,9,33,11,1,1,-19.78974078,0.0,0.9116129032258066,0.5162415304902351,nb
54,Synset('hand_tool.n.01'),tool,156,1,1,8,31,9,1,1,-17.13298386,7.85,0.8103225806451614,0.4849541650059785,nb
55,Synset('handsaw.n.01'),tool,8,1,0,10,41,7,3,1,-17.41209452,0.0,1.0129032258064516,0.6413909924272618,nb
56,Synset('hook_wrench.n.01'),tool,0,1,0,10,54,11,2,1,-23.04783737,0.0,1.0129032258064516,0.8447588680749303,nb
57,Synset('icepick.n.01'),tool,0,1,1,10,85,7,2,1,-17.05121818,7.85,1.0129032258064516,1.3297130330809086,b
58,Synset('jack_plane.n.01'),tool,0,1,0,10,39,10,1,1,-18.33830711,0.0,1.0129032258064516,0.6101036269430051,nb
59,Synset('jointer.n.01'),tool,0,1,0,10,84,7,4,1,-17.992817,0.0,1.0129032258064516,1.3140693503387804,nb
60,Synset('keyhole_saw.n.01'),tool,0,1,0,11,92,11,1,1,-18.94519399,0.0,1.1141935483870968,1.4392188122758072,nb
61,Synset('locking_pliers.n.01'),tool,0,1,0,10,34,14,1,1,-19.2866372,0.0,1.0129032258064516,0.5318852132323635,nb
62,Synset('lug_wrench.n.01'),tool,0,1,1,10,87,10,1,1,-18.31603455,7.85,1.0129032258064516,1.3610003985651653,nb
63,Synset('match_plane.n.01'),tool,0,1,0,10,91,11,2,1,-23.74098453,0.0,1.0129032258064516,1.4235751295336787,nb
64,Synset('maul.n.01'),tool,0,1,0,10,58,4,3,5,-14.23061682,0.0,1.0129032258064516,0.9073335990434436,nb
65,Synset('miter_box.n.01'),tool,0,1,0,9,66,9,2,1,-18.66269059,0.0,0.9116129032258066,1.0324830609804705,b
66,Synset('monkey-wrench.n.01'),tool,0,1,0,11,59,13,2,1,-17.06518107,0.0,1.1141935483870968,0.922977281785572,nb
67,Synset('nailfile.n.01'),tool,0,1,0,10,39,8,1,1,-20.6970726,0.0,1.0129032258064516,0.6101036269430051,nb
68,Synset('needlenose_pliers.n.01'),tool,0,1,0,10,46,17,1,1,-18.95349275,0.0,1.0129032258064516,0.7196094061379036,nb
69,Synset('open-end_wrench.n.01'),tool,1,1,0,10,84,13,2,1,-19.89268182,0.0,1.0129032258064516,1.3140693503387804,nb
70,Synset('openside_plane.n.01'),tool,1,1,0,10,43,12,2,1,-20.10339839,0.0,1.0129032258064516,0.6726783579115185,nb
71,Synset('palette_knife.n.01'),tool,0,1,0,10,75,13,1,1,-16.63930855,0.0,1.0129032258064516,1.173276205659625,nb
72,Synset('pestle.n.03'),tool,0,1,0,9,70,6,1,4,-14.67423048,0.0,0.9116129032258066,1.0950577919489837,b
73,Synset('phillips_screwdriver.n.01'),tool,0,1,0,10,42,20,1,1,-18.17646412,0.0,1.0129032258064516,0.6570346751693902,nb
74,Synset('pick.n.06'),tool,2,1,0,9,58,4,1,21,-10.43879762,0.0,0.9116129032258066,0.9073335990434436,nb
75,Synset('pin_wrench.n.01'),tool,0,1,0,10,85,10,1,1,-21.94922508,0.0,1.0129032258064516,1.3297130330809086,nb
76,Synset('pincer.n.01'),tool,1,1,0,9,67,6,4,2,-16.47169973,0.0,0.9116129032258066,1.0481267437225987,b
77,Synset('pipe_wrench.n.01'),tool,3,1,0,11,107,11,2,1,-18.57050052,0.0,1.1141935483870968,1.673874053407732,nb
78,Synset('pitchfork.n.01'),tool,0,1,1,9,85,9,1,2,-14.93895969,7.85,0.9116129032258066,1.3297130330809086,b
79,Synset('pitsaw.n.01'),tool,0,1,0,11,118,6,1,1,-21.05374751,0.0,1.1141935483870968,1.845954563571144,nb
80,Synset('plane.n.05'),tool,17,2,0,9,78,5,3,9,-11.2985753,0.0,0.9116129032258066,1.2202072538860105,b
81,Synset('plastering_trowel.n.01'),tool,0,1,0,10,42,17,1,1,-20.7452523,0.0,1.0129032258064516,0.6570346751693902,nb
82,Synset('plexor.n.01'),tool,0,1,0,10,113,6,3,1,-20.08188693,0.0,1.0129032258064516,1.7677361498605022,nb
83,Synset('pliers.n.01'),tool,5,2,1,9,69,6,3,2,-15.26240484,7.85,0.9116129032258066,1.0794141092068552,b
84,Synset('plunger.n.03'),tool,0,1,0,9,98,7,2,4,-14.8706301,0.0,0.9116129032258066,1.533080908728577,b
85,Synset('pointing_trowel.n.01'),tool,0,1,0,10,69,15,1,1,-19.75200048,0.0,1.0129032258064516,1.0794141092068552,nb
86,Synset('posthole_digger.n.01'),tool,0,1,0,10,31,15,2,1,-19.14555467,0.0,1.0129032258064516,0.4849541650059785,nb
87,Synset('pruner.n.02'),tool,0,1,0,12,108,6,3,2,-18.08878688,0.0,1.215483870967742,1.6895177361498606,nb
88,Synset('pruning_saw.n.01'),tool,1,1,0,11,32,11,1,1,-18.84314475,0.0,1.1141935483870968,0.5005978477481068,nb
89,Synset('pump-type_pliers.n.01'),tool,0,1,0,10,16,16,1,1,-23.02585093,0.0,1.0129032258064516,0.2502989238740534,nb
90,Synset('rasp.n.02'),tool,0,1,0,10,44,4,2,4,-15.43543427,0.0,1.0129032258064516,0.6883220406536469,nb
91,Synset('rat-tail_file.n.01'),tool,0,1,0,10,47,13,1,1,-18.88001196,0.0,1.0129032258064516,0.7352530888800318,nb
92,Synset('rib_joint_pliers.n.01'),tool,0,1,0,10,16,16,1,1,-23.02585093,0.0,1.0129032258064516,0.2502989238740534,nb
93,Synset('ripsaw.n.01'),tool,0,1,0,11,48,6,2,1,-19.20980226,0.0,1.1141935483870968,0.7508967716221602,nb
94,Synset('roach_clip.n.01'),tool,0,1,0,10,56,10,2,1,-20.46383977,0.0,1.0129032258064516,0.8760462335591869,nb
95,Synset('round_file.n.01'),tool,0,1,0,10,70,10,1,1,-17.97266358,0.0,1.0129032258064516,1.0950577919489837,nb
96,Synset('router_plane.n.01'),tool,0,1,0,10,89,12,1,1,-20.90777122,0.0,1.0129032258064516,1.392287764049422,nb
97,Synset('s_wrench.n.01'),tool,0,1,0,11,32,8,1,1,-22.64237227,0.0,1.1141935483870968,0.5005978477481068,nb
98,Synset('saw.n.02'),tool,16,1,2,9,44,3,1,28,-8.341297774,15.7,0.9116129032258066,0.6883220406536469,b
99,Synset('scauper.n.01'),tool,0,1,0,10,67,7,2,1,-21.12785551,0.0,1.0129032258064516,1.0481267437225987,nb
100,Synset('scoop.n.05'),tool,0,1,2,10,43,5,2,8,-14.03568757,15.7,1.0129032258064516,0.6726783579115185,nb
101,Synset('screw_key.n.01'),tool,0,1,0,10,28,9,1,1,-20.37368873,0.0,1.0129032258064516,0.4380231167795934,nb
102,Synset('screw_wrench.n.01'),tool,0,1,0,11,74,12,1,1,-20.7452523,0.0,1.1141935483870968,1.157632522917497,nb
103,Synset('screwdriver.n.01'),tool,3,1,0,9,76,11,1,2,-14.51529756,0.0,0.9116129032258066,1.1889198884017538,b
104,Synset('scriber.n.01'),tool,0,1,0,10,55,6,3,5,-14.31715671,0.0,1.0129032258064516,0.8604025508170586,nb
105,Synset('scrub_plane.n.01'),tool,0,1,0,10,56,11,1,1,-20.90777122,0.0,1.0129032258064516,0.8760462335591869,nb
106,Synset('set_square.n.01'),tool,0,1,0,11,44,10,1,1,-17.13704075,0.0,1.1141935483870968,0.6883220406536469,nb
107,Synset('shovel.n.01'),tool,9,1,0,9,92,6,1,5,-12.95155043,0.0,0.9116129032258066,1.4392188122758072,b
108,Synset('slice.n.06'),tool,0,1,0,10,36,5,1,10,-12.05224278,0.0,1.0129032258064516,0.5631725787166202,nb
109,Synset('slick.n.04'),tool,0,1,0,10,37,5,1,10,-13.19298392,0.0,1.0129032258064516,0.5788162614587485,nb
110,Synset('slip-joint_pliers.n.01'),tool,0,1,0,10,92,17,1,1,-19.85799629,0.0,1.0129032258064516,1.4392188122758072,nb
111,Synset('smooth_plane.n.01'),tool,0,1,0,10,29,12,2,1,-17.96954341,0.0,1.0129032258064516,0.4536667995217218,nb
112,Synset('socket_wrench.n.01'),tool,0,1,1,10,74,13,1,1,-17.86886674,7.85,1.0129032258064516,1.157632522917497,nb
113,Synset('soldering_iron.n.01'),tool,0,1,0,9,62,14,1,1,-16.3120573,0.0,0.9116129032258066,0.969908330011957,b
114,Synset('sparkplug_wrench.n.01'),tool,0,1,0,10,103,16,1,1,-23.02585093,0.0,1.0129032258064516,1.6112993224392187,nb
115,Synset('spiral_ratchet_screwdriver.n.01'),tool,0,1,1,10,158,19,2,1,-21.53829058,7.85,1.0129032258064516,2.471701873256277,nb
116,Synset('spokeshave.n.01'),tool,0,1,0,10,142,10,1,1,-17.8235079,0.0,1.0129032258064516,2.221402949382224,nb
117,Synset('spud.n.02'),tool,0,1,0,10,51,4,2,4,-17.00134166,0.0,1.0129032258064516,0.7978278198485452,nb
118,Synset('square.n.08'),tool,4,1,0,9,99,6,1,25,-9.914785383,0.0,0.9116129032258066,1.5487245914707055,b
119,Synset('stillson_wrench.n.01'),tool,0,1,0,12,101,15,1,1,-20.21462403,0.0,1.215483870967742,1.5800119569549622,nb
120,Synset('straightedge.n.01'),tool,0,1,0,9,137,12,1,1,-15.96306948,0.0,0.9116129032258066,2.1431845356715824,b
121,Synset('t-square.n.01'),tool,0,2,0,9,49,8,1,1,-16.61615102,0.0,0.9116129032258066,0.7665404543642885,nb
122,Synset('tack_hammer.n.01'),tool,0,1,0,10,42,11,1,1,-18.55920102,0.0,1.0129032258064516,0.6570346751693902,nb
123,Synset('tap_wrench.n.01'),tool,0,1,0,10,61,10,1,1,-19.39717907,0.0,1.0129032258064516,0.9542646472698286,nb
124,Synset('taper_file.n.01'),tool,0,1,0,10,28,10,1,1,-21.94922508,0.0,1.0129032258064516,0.4380231167795934,nb
125,Synset('tire_iron.n.01'),tool,0,2,0,9,103,9,2,1,-17.2166883,0.0,0.9116129032258066,1.6112993224392187,b
126,Synset('toothpick.n.01'),tool,0,2,0,8,93,9,1,1,-14.60068507,0.0,0.8103225806451614,1.4548624950179354,b
127,Synset('torque_wrench.n.01'),tool,0,1,0,10,75,13,1,1,-17.18562765,0.0,1.0129032258064516,1.173276205659625,nb
128,Synset('trowel.n.01'),tool,5,1,0,9,113,6,1,2,-14.48426612,0.0,0.9116129032258066,1.7677361498605022,b
129,Synset('try_square.n.01'),tool,1,1,0,10,75,10,1,1,-18.39865032,0.0,1.0129032258064516,1.173276205659625,nb
130,Synset('two-handed_saw.n.01'),tool,1,1,0,10,63,7,4,3,-18.83213946,0.0,1.0129032258064516,0.9855520127540852,nb
131,Synset('weeder.n.02'),tool,0,1,0,9,30,6,2,2,-17.99403492,0.0,0.9116129032258066,0.4693104822638501,b
132,Synset('wrench.n.03'),tool,25,1,1,9,55,6,2,7,-14.00806427,7.85,0.9116129032258066,0.8604025508170586,b
133,Synset('acerola.n.02'),fruit,0,1,1,8,88,7,4,3,-20.15184551,1.3401360544217686,1.0012706480304956,1.39558847206569,nb
134,Synset('ackee.n.01'),fruit,0,1,1,7,95,4,2,2,-17.58801157,1.3401360544217686,0.8761118170266836,1.5066011914345516,b
135,Synset('amarelle.n.02'),fruit,0,1,1,9,61,8,1,2,-23.69280483,1.3401360544217686,1.1264294790343077,0.9673965545000806,nb
136,Synset('anchovy_pear.n.02'),fruit,0,1,1,7,53,10,2,2,-22.48822157,1.3401360544217686,0.8761118170266836,0.8405248752213814,b
137,Synset('anjou.n.02'),fruit,0,1,0,8,39,5,1,2,-19.63236184,0.0,1.0012706480304956,0.618499436483658,nb
138,Synset('apple.n.01'),fruit,26,2,1,7,76,5,1,2,-11.4142441,1.3401360544217686,0.8761118170266836,1.2052809531476414,b
139,Synset('apricot.n.02'),fruit,0,1,1,7,59,7,1,3,-14.25174964,1.3401360544217686,0.8761118170266836,0.9356786346804058,b
140,Synset('avocado.n.01'),fruit,0,1,1,7,110,7,4,3,-15.73468522,1.3401360544217686,0.8761118170266836,1.7444855900821123,b
141,Synset('baldwin.n.03'),fruit,0,1,0,9,56,7,1,3,-12.26527387,0.0,1.1264294790343077,0.8881017549508936,nb
142,Synset('bartlett.n.03'),fruit,0,1,0,8,17,8,2,3,-20.12459798,0.0,1.0012706480304956,0.2696023184672355,nb
143,Synset('beach_plum.n.02'),fruit,0,1,1,8,56,10,1,2,-19.01359669,1.3401360544217686,1.0012706480304956,0.8881017549508936,nb
144,Synset('bilberry.n.03'),fruit,0,1,1,8,50,8,3,3,-17.35538212,1.3401360544217686,1.0012706480304956,0.7929479954918693,nb
145,Synset('bing_cherry.n.01'),fruit,0,1,0,9,33,11,1,1,-21.34308924,0.0,1.1264294790343077,0.5233456770246337,nb
146,Synset('bitter_orange.n.02'),fruit,0,1,1,9,49,11,3,2,-17.74868699,1.3401360544217686,1.1264294790343077,0.7770890355820319,nb
147,Synset('black_currant.n.02'),fruit,0,1,1,9,44,13,1,2,-16.77684889,1.3401360544217686,1.1264294790343077,0.697794236032845,nb
148,Synset('blackheart.n.02'),fruit,0,1,0,10,44,10,2,2,-19.90968477,0.0,1.2515883100381195,0.697794236032845,nb
149,Synset('bosc.n.01'),fruit,0,1,0,8,20,4,1,1,-19.78078186,0.0,1.0012706480304956,0.3171791981967477,nb
150,Synset('boysenberry.n.02'),fruit,0,1,1,8,74,11,1,2,-18.31752641,1.3401360544217686,1.0012706480304956,1.1735630333279663,nb
151,Synset('bramley's_seedling.n.01'),fruit,0,1,0,9,24,18,1,1,-19.22689669,0.0,1.1264294790343077,0.3806150378360972,nb
152,Synset('breadfruit.n.02'),fruit,0,1,1,7,157,10,1,2,-15.41336131,1.3401360544217686,0.8761118170266836,2.4898567058444696,b
153,Synset('canistel.n.02'),fruit,0,1,1,7,64,8,2,2,-20.95196484,1.3401360544217686,0.8761118170266836,1.0149734342295926,b
154,Synset('cantaloup.n.02'),fruit,0,1,1,9,79,9,2,2,-16.21661558,1.3401360544217686,1.1264294790343077,1.2528578328771536,nb
155,Synset('capulin.n.02'),fruit,0,1,1,8,20,7,2,2,-21.44151305,1.3401360544217686,1.0012706480304956,0.3171791981967477,nb
156,Synset('carambola.n.02'),fruit,0,1,1,7,110,9,2,2,-17.84375568,1.3401360544217686,0.8761118170266836,1.7444855900821123,b
157,Synset('casaba.n.01'),fruit,0,1,0,10,45,6,2,1,-19.79990058,0.0,1.2515883100381195,0.7136531959426824,nb
158,Synset('catawba.n.02'),fruit,0,1,0,10,46,7,1,3,-15.13408587,0.0,1.2515883100381195,0.7295121558525197,nb
159,Synset('ceriman.n.02'),fruit,0,1,1,7,77,7,2,2,-20.18125936,1.3401360544217686,0.8761118170266836,1.2211399130574787,b
160,Synset('cherry.n.03'),fruit,8,2,1,7,36,6,1,5,-12.59447097,1.3401360544217686,0.8761118170266836,0.5709225567541459,b
161,Synset('citrus.n.01'),fruit,19,1,2,7,98,6,3,2,-14.52089699,2.6802721088435373,0.8761118170266836,1.5541780711640638,nb
162,Synset('clementine.n.02'),fruit,0,1,0,9,62,10,1,2,-18.3037331,0.0,1.1264294790343077,0.983255514409918,nb
163,Synset('cling.n.01'),fruit,0,1,0,7,64,5,2,4,-13.15141862,0.0,0.8761118170266836,1.0149734342295926,nb
164,Synset('concord_grape.n.01'),fruit,0,1,0,10,70,13,1,1,-18.58192926,0.0,1.2515883100381195,1.110127193688617,nb
165,Synset('cooking_apple.n.01'),fruit,4,1,0,8,62,13,1,1,-19.03145429,0.0,1.0012706480304956,0.983255514409918,nb
166,Synset('cortland.n.01'),fruit,0,1,0,9,27,8,1,1,-15.7015509,0.0,1.1264294790343077,0.4281919175656094,nb
167,Synset('cox's_orange_pippin.n.01'),fruit,0,1,0,10,39,19,1,1,-18.37432775,0.0,1.2515883100381195,0.618499436483658,nb
168,Synset('crab_apple.n.03'),fruit,0,1,1,8,41,9,2,3,-17.08894556,1.3401360544217686,1.0012706480304956,0.6502173563033328,nb
169,Synset('currant.n.03'),fruit,0,1,0,9,93,7,1,3,-14.36654988,0.0,1.1264294790343077,1.474883271614877,nb
170,Synset('damson.n.01'),fruit,0,1,1,8,35,6,2,3,-17.33981582,1.3401360544217686,1.0012706480304956,0.5550635968443085,nb
171,Synset('date.n.08'),fruit,0,1,1,7,65,4,1,13,-9.465043549,1.3401360544217686,0.8761118170266836,1.0308323941394302,b
172,Synset('delicious.n.01'),fruit,2,1,0,9,30,9,1,3,-14.59060663,0.0,1.1264294790343077,0.4757687972951215,nb
173,Synset('dewberry.n.02'),fruit,0,1,2,8,67,8,1,2,-17.24391547,2.6802721088435373,1.0012706480304956,1.0625503139591048,nb
174,Synset('dried_fruit.n.01'),fruit,6,1,0,7,25,11,1,1,-15.21127001,0.0,0.8761118170266836,0.3964739977459346,nb
175,Synset('durian.n.02'),fruit,0,1,1,7,122,6,1,2,-16.17148683,1.3401360544217686,0.8761118170266836,1.934793109000161,b
176,Synset('eating_apple.n.01'),fruit,19,1,0,8,54,12,2,1,-18.59932099,0.0,1.0012706480304956,0.8563838351312189,nb
177,Synset('edible_fruit.n.01'),fruit,196,2,1,6,74,12,1,1,-17.08169057,1.3401360544217686,0.7509529860228716,1.1735630333279663,nb
178,Synset('emperor.n.02'),fruit,0,1,0,9,29,7,1,4,-11.19968283,0.0,1.1264294790343077,0.4599098373852842,nb
179,Synset('empire.n.05'),fruit,0,1,0,9,94,6,1,5,-10.56605705,0.0,1.1264294790343077,1.4907422315247143,nb
180,Synset('feijoa.n.02'),fruit,0,1,1,7,93,6,2,2,-19.50519771,1.3401360544217686,0.8761118170266836,1.474883271614877,b
181,Synset('fig.n.04'),fruit,0,1,1,7,93,3,1,4,-11.72639269,1.3401360544217686,0.8761118170266836,1.474883271614877,b
182,Synset('flame_tokay.n.01'),fruit,0,1,0,10,24,11,1,1,-23.02585093,0.0,1.2515883100381195,0.3806150378360972,nb
183,Synset('fox_grape.n.02'),fruit,2,1,1,9,133,9,1,2,-19.0965936,1.3401360544217686,1.1264294790343077,2.109241668008372,nb
184,Synset('freestone.n.01'),fruit,0,1,0,7,63,9,1,1,-15.39675721,0.0,0.8761118170266836,0.9991144743197552,nb
185,Synset('genip.n.02'),fruit,0,1,1,7,107,5,2,2,-20.37242935,1.3401360544217686,0.8761118170266836,1.6969087103526004,b
186,Synset('genipap.n.01'),fruit,0,1,1,7,57,7,2,2,-21.25250498,1.3401360544217686,0.8761118170266836,0.903960714860731,b
187,Synset('golden_delicious.n.01'),fruit,0,1,0,10,37,16,2,1,-17.96333216,0.0,1.2515883100381195,0.5867815166639833,nb
188,Synset('gooseberry.n.02'),fruit,0,1,1,9,53,10,1,2,-14.813054,1.3401360544217686,1.1264294790343077,0.8405248752213814,nb
189,Synset('granadilla.n.04'),fruit,0,1,2,8,80,10,1,4,-18.14372875,2.6802721088435373,1.0012706480304956,1.268716792786991,nb
190,Synset('granny_smith.n.01'),fruit,0,1,0,9,43,12,1,1,-16.61650629,0.0,1.1264294790343077,0.6819352761230076,nb
191,Synset('grape.n.01'),fruit,14,1,2,7,90,5,1,3,-12.43200131,2.6802721088435373,0.8761118170266836,1.4273063918853648,b
192,Synset('grapefruit.n.02'),fruit,0,1,2,8,82,10,1,2,-14.29523827,2.6802721088435373,1.0012706480304956,1.3004347126066655,b
193,Synset('greengage.n.01'),fruit,0,1,0,8,46,9,2,1,-18.5541717,0.0,1.0012706480304956,0.7295121558525197,nb
194,Synset('grimes'_golden.n.01'),fruit,0,1,0,9,50,14,1,1,-23.02585093,0.0,1.1264294790343077,0.7929479954918693,nb
195,Synset('guava.n.03'),fruit,0,1,1,7,85,5,1,3,-15.27146196,1.3401360544217686,0.8761118170266836,1.3480115923361775,b
196,Synset('heart_cherry.n.02'),fruit,1,1,0,9,47,7,3,2,-20.21233271,0.0,1.1264294790343077,0.7453711157623572,nb
197,Synset('honeydew.n.01'),fruit,0,1,0,10,102,8,2,2,-16.46789904,0.0,1.2515883100381195,1.617613910803413,nb
198,Synset('huckleberry.n.03'),fruit,0,1,1,8,83,11,1,3,-15.80184815,1.3401360544217686,1.0012706480304956,1.316293672516503,nb
199,Synset('jaboticaba.n.02'),fruit,0,1,1,7,61,10,1,2,-19.80098456,1.3401360544217686,0.8761118170266836,0.9673965545000806,b
200,Synset('jackfruit.n.02'),fruit,0,1,1,7,122,3,3,14,-13.8871139,1.3401360544217686,0.8761118170266836,1.934793109000161,b
201,Synset('jaffa_orange.n.01'),fruit,0,1,0,10,38,12,1,1,-20.52210875,0.0,1.2515883100381195,0.6026404765738207,nb
202,Synset('jonathan.n.01'),fruit,0,1,0,9,44,8,1,1,-11.37546812,0.0,1.1264294790343077,0.697794236032845,nb
203,Synset('jujube.n.02'),fruit,0,2,1,7,52,6,3,3,-17.7899017,1.3401360544217686,0.8761118170266836,0.8246659153115441,b
204,Synset('kai_apple.n.01'),fruit,0,1,1,7,86,9,1,1,-23.02585093,1.3401360544217686,0.8761118170266836,1.3638705522460153,b
205,Synset('ketembilla.n.02'),fruit,0,1,1,7,104,10,3,2,-23.02585093,1.3401360544217686,0.8761118170266836,1.6493318306230882,b
206,Synset('key_lime.n.01'),fruit,0,1,0,9,44,8,1,1,-17.57556668,0.0,1.1264294790343077,0.697794236032845,nb
207,Synset('kiwi.n.03'),fruit,0,1,1,7,59,4,3,4,-16.62445269,1.3401360544217686,0.8761118170266836,0.9356786346804058,b
208,Synset('kumquat.n.02'),fruit,0,1,1,8,63,7,1,2,-17.67664764,1.3401360544217686,1.0012706480304956,0.9991144743197552,b
209,Synset('lane's_prince_albert.n.01'),fruit,0,1,0,9,31,20,1,1,-19.79203828,0.0,1.1264294790343077,0.4916277572049589,nb
210,Synset('lanseh.n.01'),fruit,0,1,1,7,39,5,4,1,-21.46818127,1.3401360544217686,0.8761118170266836,0.618499436483658,b
211,Synset('lemon.n.01'),fruit,0,1,2,8,41,5,1,5,-12.14423231,2.6802721088435373,1.0012706480304956,0.6502173563033328,b
212,Synset('lime.n.06'),fruit,1,1,1,8,51,4,1,8,-11.51544551,1.3401360544217686,1.0012706480304956,0.8088069554017067,b
213,Synset('lingonberry.n.02'),fruit,0,1,1,8,60,8,4,2,-19.16444779,1.3401360544217686,1.0012706480304956,0.9515375945902432,nb
214,Synset('litchi.n.02'),fruit,0,1,1,7,105,5,7,2,-18.18404947,1.3401360544217686,0.8761118170266836,1.6651907905329255,b
215,Synset('loganberry.n.02'),fruit,0,1,1,8,33,10,1,2,-18.27226984,1.3401360544217686,1.0012706480304956,0.5233456770246337,nb
216,Synset('loquat.n.02'),fruit,0,1,1,7,107,6,2,3,-17.76247435,1.3401360544217686,0.8761118170266836,1.6969087103526004,b
217,Synset('macoun.n.01'),fruit,0,1,0,10,44,6,1,1,-18.0687873,0.0,1.2515883100381195,0.697794236032845,nb
218,Synset('mamey.n.02'),fruit,0,1,1,7,98,5,3,4,-18.83527283,1.3401360544217686,0.8761118170266836,1.5541780711640638,b
219,Synset('mandarin.n.05'),fruit,3,1,1,8,60,8,2,6,-15.0028745,1.3401360544217686,1.0012706480304956,0.9515375945902432,b
220,Synset('mango.n.02'),fruit,0,1,1,7,89,5,1,2,-13.74798341,1.3401360544217686,0.8761118170266836,1.4114474319755272,b
221,Synset('mangosteen.n.02'),fruit,0,1,1,7,92,10,1,2,-17.53794673,1.3401360544217686,0.8761118170266836,1.4590243117050394,b
222,Synset('marang.n.02'),fruit,0,1,1,7,96,6,1,2,-19.88614233,1.3401360544217686,0.8761118170266836,1.522460151344389,b
223,Synset('mcintosh.n.01'),fruit,1,1,0,9,111,8,1,1,-14.43978821,0.0,1.1264294790343077,1.76034454999195,nb
224,Synset('melon_ball.n.01'),fruit,0,1,0,8,31,10,1,1,-19.97978438,0.0,1.0012706480304956,0.4916277572049589,nb
225,Synset('melon.n.01'),fruit,9,1,1,7,83,5,1,2,-13.81238123,1.3401360544217686,0.8761118170266836,1.316293672516503,b
226,Synset('morello.n.02'),fruit,0,1,2,9,55,7,1,2,-18.97430597,2.6802721088435373,1.1264294790343077,0.8722427950410562,nb
227,Synset('muscadine.n.02'),fruit,1,1,1,8,43,9,2,2,-17.83773293,1.3401360544217686,1.0012706480304956,0.6819352761230076,nb
228,Synset('muscat.n.04'),fruit,0,1,1,9,46,6,3,4,-17.99547362,1.3401360544217686,1.1264294790343077,0.7295121558525197,nb
229,Synset('muskmelon.n.02'),fruit,6,1,1,8,79,9,2,2,-18.00447202,1.3401360544217686,1.0012706480304956,1.2528578328771536,nb
230,Synset('navel_orange.n.01'),fruit,0,1,0,10,61,12,1,1,-17.99159155,0.0,1.2515883100381195,0.9673965545000806,nb
231,Synset('nectarine.n.02'),fruit,0,1,1,7,57,9,1,2,-15.91921041,1.3401360544217686,0.8761118170266836,0.903960714860731,b
232,Synset('net_melon.n.02'),fruit,0,1,1,9,92,9,3,2,-23.04783737,1.3401360544217686,1.1264294790343077,1.4590243117050394,nb
233,Synset('newtown_wonder.n.01'),fruit,0,1,0,9,31,14,1,1,-23.02585093,0.0,1.1264294790343077,0.4916277572049589,nb
234,Synset('northern_spy.n.01'),fruit,0,1,0,9,63,12,1,1,-17.6075865,0.0,1.1264294790343077,0.9991144743197552,nb
235,Synset('orange.n.01'),fruit,6,1,2,8,59,6,1,6,-11.17204191,2.6802721088435373,1.0012706480304956,0.9356786346804058,b
236,Synset('papaya.n.02'),fruit,0,1,1,7,57,6,1,2,-14.72466341,1.3401360544217686,0.8761118170266836,0.903960714860731,b
237,Synset('passion_fruit.n.01'),fruit,3,1,1,7,104,13,1,1,-16.67111037,1.3401360544217686,0.8761118170266836,1.6493318306230882,b
238,Synset('peach.n.03'),fruit,0,2,1,7,55,5,1,5,-12.82199124,1.3401360544217686,0.8761118170266836,0.8722427950410562,b
239,Synset('pear.n.01'),fruit,4,2,1,7,61,4,1,2,-12.93271289,1.3401360544217686,0.8761118170266836,0.9673965545000806,b
240,Synset('pearmain.n.01'),fruit,0,1,0,9,49,8,1,1,-17.2614738,0.0,1.1264294790343077,0.7770890355820319,nb
241,Synset('persian_melon.n.02'),fruit,0,1,0,10,82,13,1,2,-20.96839581,0.0,1.2515883100381195,1.3004347126066655,nb
242,Synset('pineapple.n.02'),fruit,0,1,1,7,89,6,2,2,-14.51359397,1.3401360544217686,0.8761118170266836,1.4114474319755272,b
243,Synset('pippin.n.01'),fruit,1,1,0,9,91,6,1,1,-14.49625916,0.0,1.1264294790343077,1.443165351795202,nb
244,Synset('pitahaya.n.02'),fruit,0,1,1,7,97,8,1,2,-19.01997598,1.3401360544217686,0.8761118170266836,1.5383191112542265,b
245,Synset('plum.n.02'),fruit,5,2,1,7,108,4,1,5,-13.02129455,1.3401360544217686,0.8761118170266836,1.7127676702624377,b
246,Synset('pomegranate.n.02'),fruit,0,1,1,7,87,11,1,2,-14.17578889,1.3401360544217686,0.8761118170266836,1.3797295121558526,b
247,Synset('pomelo.n.02'),fruit,0,1,1,8,70,6,2,2,-17.62669673,1.3401360544217686,1.0012706480304956,1.110127193688617,b
248,Synset('prickly_pear.n.02'),fruit,0,1,1,7,69,12,1,2,-15.50748141,1.3401360544217686,0.8761118170266836,1.0942682337787797,b
249,Synset('prima.n.01'),fruit,0,1,0,9,31,5,1,2,-14.36681699,0.0,1.1264294790343077,0.4916277572049589,nb
250,Synset('pulasan.n.02'),fruit,0,1,1,7,64,7,2,2,-21.74689469,1.3401360544217686,0.8761118170266836,1.0149734342295926,b
251,Synset('quandong.n.04'),fruit,0,1,1,7,48,8,4,4,-19.80748529,1.3401360544217686,0.8761118170266836,0.7612300756721945,b
252,Synset('quince.n.02'),fruit,0,2,1,7,57,6,1,2,-14.89510526,1.3401360544217686,0.8761118170266836,0.903960714860731,b
253,Synset('raisin.n.01'),fruit,3,1,0,8,11,6,1,1,-14.71881987,0.0,1.0012706480304956,0.1744485590082112,b
254,Synset('rambutan.n.02'),fruit,0,1,1,7,70,8,2,2,-18.63655906,1.3401360544217686,0.8761118170266836,1.110127193688617,b
255,Synset('red_currant.n.02'),fruit,0,1,1,9,52,11,1,2,-17.30163412,1.3401360544217686,1.1264294790343077,0.8246659153115441,nb
256,Synset('red_delicious.n.01'),fruit,0,1,0,10,76,13,1,1,-17.72971732,0.0,1.2515883100381195,1.2052809531476414,nb
257,Synset('ribier.n.01'),fruit,0,1,0,9,45,6,1,1,-23.02585093,0.0,1.1264294790343077,0.7136531959426824,nb
258,Synset('rome_beauty.n.01'),fruit,0,1,0,9,41,11,1,1,-18.52604878,0.0,1.1264294790343077,0.6502173563033328,nb
259,Synset('sapodilla.n.02'),fruit,0,1,1,7,70,6,3,2,-18.53118295,1.3401360544217686,0.8761118170266836,1.110127193688617,b
260,Synset('saskatoon.n.02'),fruit,0,1,1,8,28,9,4,2,-18.60984888,1.3401360544217686,1.0012706480304956,0.4440508774754468,nb
261,Synset('satsuma.n.02'),fruit,0,1,1,9,67,7,1,2,-17.88466235,1.3401360544217686,1.1264294790343077,1.0625503139591048,nb
262,Synset('scuppernong.n.01'),fruit,0,1,0,9,57,11,1,1,-18.33151265,0.0,1.1264294790343077,0.903960714860731,nb
263,Synset('seckel.n.01'),fruit,0,1,0,8,38,6,2,1,-20.66181278,0.0,1.0012706480304956,0.6026404765738207,nb
264,Synset('seeded_raisin.n.01'),fruit,0,1,0,9,32,13,1,1,-21.79507439,0.0,1.1264294790343077,0.5074867171147963,nb
265,Synset('seedless_raisin.n.01'),fruit,0,1,0,9,20,7,2,2,-16.83751992,0.0,1.1264294790343077,0.3171791981967477,nb
266,Synset('slipskin_grape.n.01'),fruit,3,1,0,8,46,14,1,1,-23.02585093,0.0,1.0012706480304956,0.7295121558525197,nb
267,Synset('sloe.n.03'),fruit,0,1,2,8,66,4,1,3,-16.01262916,2.6802721088435373,1.0012706480304956,1.0466913540492675,nb
268,Synset('sour_cherry.n.03'),fruit,2,1,0,8,41,11,1,3,-17.61849174,0.0,1.0012706480304956,0.6502173563033328,nb
269,Synset('sour_gourd.n.02'),fruit,0,1,1,7,41,10,2,3,-20.09032626,1.3401360544217686,0.8761118170266836,0.6502173563033328,b
270,Synset('stayman_winesap.n.01'),fruit,0,1,0,9,62,15,1,1,-19.27507644,0.0,1.1264294790343077,0.983255514409918,nb
271,Synset('stayman.n.01'),fruit,0,1,0,9,44,7,1,1,-17.5637546,0.0,1.1264294790343077,0.697794236032845,nb
272,Synset('sugarberry.n.02'),fruit,0,1,0,8,79,9,2,2,-17.52424064,0.0,1.0012706480304956,1.2528578328771536,nb
273,Synset('sultana.n.01'),fruit,0,1,0,9,52,7,1,2,-16.14688665,0.0,1.1264294790343077,0.8246659153115441,nb
274,Synset('sweet_calabash.n.02'),fruit,0,1,1,8,44,14,1,2,-21.94922508,1.3401360544217686,1.0012706480304956,0.697794236032845,nb
275,Synset('sweet_cherry.n.02'),fruit,3,1,1,8,70,12,2,2,-17.02863603,1.3401360544217686,1.0012706480304956,1.110127193688617,nb
276,Synset('sweet_orange.n.01'),fruit,3,1,1,9,51,12,1,2,-16.76650564,1.3401360544217686,1.1264294790343077,0.8088069554017067,nb
277,Synset('tamarind.n.02'),fruit,0,1,1,7,131,8,2,2,-15.71982173,1.3401360544217686,0.8761118170266836,2.077523748188697,b
278,Synset('tangerine.n.02'),fruit,0,1,1,9,83,9,1,4,-15.8127566,1.3401360544217686,1.1264294790343077,1.316293672516503,nb
279,Synset('temple_orange.n.02'),fruit,0,1,1,9,61,13,1,2,-21.79507439,1.3401360544217686,1.1264294790343077,0.9673965545000806,nb
280,Synset('thompson_seedless.n.01'),fruit,0,1,0,9,40,17,1,1,-19.04050417,0.0,1.1264294790343077,0.6343583963934954,nb
281,Synset('tokay.n.02'),fruit,1,1,1,9,83,5,1,2,-16.02517871,1.3401360544217686,1.1264294790343077,1.316293672516503,nb
282,Synset('valencia_orange.n.01'),fruit,0,1,0,10,72,15,1,1,-18.50454258,0.0,1.2515883100381195,1.141845113508292,nb
283,Synset('victoria_plum.n.01'),fruit,0,1,0,8,34,13,1,1,-20.85061276,0.0,1.0012706480304956,0.5392046369344711,nb
284,Synset('vinifera_grape.n.02'),fruit,7,1,1,8,66,14,1,2,-20.30699731,1.3401360544217686,1.0012706480304956,1.0466913540492675,nb
285,Synset('windfall.n.01'),fruit,0,1,0,7,35,8,1,2,-14.1072524,0.0,0.8761118170266836,0.5550635968443085,nb
286,Synset('winesap.n.01'),fruit,0,1,0,9,30,7,1,1,-17.64543267,0.0,1.1264294790343077,0.4757687972951215,nb
287,Synset('winter_melon.n.02'),fruit,3,1,1,9,97,12,1,2,-18.8065106,1.3401360544217686,1.1264294790343077,1.5383191112542265,nb
288,Synset('wintergreen.n.03'),fruit,0,1,1,8,52,8,5,3,-17.58801161,1.3401360544217686,1.0012706480304956,0.8246659153115441,nb
289,Synset('accordion.n.01'),music,0,2,1,9,122,9,3,1,-15.38117787,3.9047619047619047,0.8929219600725952,1.54406544219787,b
290,Synset('acoustic_guitar.n.01'),music,0,1,0,10,42,15,1,1,-15.77648118,0.0,0.9921355111917723,0.5315635128877914,nb
291,Synset('aeolian_harp.n.01'),music,0,1,0,11,76,9,3,1,-19.20124217,0.0,1.0913490623109496,0.9618768328445748,nb
292,Synset('amati.n.02'),music,0,1,0,11,55,5,1,2,-16.14635857,0.0,1.0913490623109496,0.6960950764006791,nb
293,Synset('b-flat_clarinet.n.01'),music,0,1,0,13,41,14,2,1,-19.34743888,0.0,1.2897761645493042,0.5189072387714153,nb
294,Synset('baby_grand.n.01'),music,0,1,0,11,19,10,6,1,-18.13021811,0.0,1.0913490623109496,0.2404692082111436,nb
295,Synset('bagpipe.n.01'),music,1,1,2,10,96,7,1,1,-15.28119441,7.809523809523809,0.9921355111917723,1.2150023151720943,b
296,Synset('balalaika.n.01'),music,0,1,0,10,66,9,1,1,-17.5024894,0.0,0.9921355111917723,0.8353140916808149,b
297,Synset('bandoneon.n.01'),music,0,1,0,11,45,9,1,1,-18.36008601,0.0,1.0913490623109496,0.5695323352369193,nb
298,Synset('banjo.n.01'),music,0,1,1,9,79,5,1,1,-14.11782136,3.9047619047619047,0.8929219600725952,0.9998456551937028,b
299,Synset('baritone.n.03'),music,0,1,0,10,39,8,2,4,-14.89071921,0.0,0.9921355111917723,0.4935946905386633,b
300,Synset('bass_clarinet.n.01'),music,0,1,0,13,67,13,1,1,-17.00639286,0.0,1.2897761645493042,0.8479703657971909,nb
301,Synset('bass_drum.n.01'),music,0,1,0,10,75,9,2,1,-16.40828838,0.0,0.9921355111917723,0.9492205587281988,nb
302,Synset('bass_horn.n.01'),music,2,2,0,9,32,4,3,1,-16.4423387,0.0,0.8929219600725952,0.4050007717240315,b
303,Synset('bass.n.07'),music,6,1,0,8,67,4,1,9,-11.95208266,0.0,0.793708408953418,0.8479703657971909,nb
304,Synset('basset_horn.n.01'),music,0,1,0,13,67,11,1,1,-18.00441229,0.0,1.2897761645493042,0.8479703657971909,nb
305,Synset('beating-reed_instrument.n.01'),music,21,1,0,10,61,4,3,5,-13.96592817,0.0,0.9921355111917723,0.772032721098935,nb
306,Synset('bones.n.01'),music,0,1,0,9,203,5,4,6,-12.05775903,0.0,0.8929219600725952,2.5692236456243247,b
307,Synset('bongo.n.01'),music,0,1,0,10,35,5,2,2,-16.86627749,0.0,0.9921355111917723,0.4429695940731594,nb
308,Synset('bowed_stringed_instrument.n.01'),music,11,1,1,9,47,6,2,17,-11.30728351,3.9047619047619047,0.8929219600725952,0.5948448834696712,nb
309,Synset('brass.n.02'),music,13,1,1,9,143,5,2,7,-12.17014688,3.9047619047619047,0.8929219600725952,1.8098471986417657,nb
310,Synset('bugle.n.01'),music,0,1,0,10,71,5,1,4,-13.68288737,0.0,0.9921355111917723,0.8985954622626948,b
311,Synset('cello.n.01'),music,0,1,0,10,73,5,2,1,-14.43586715,0.0,0.9921355111917723,0.9239080104954468,b
312,Synset('chanter.n.01'),music,0,1,1,10,57,7,2,1,-16.40075592,3.9047619047619047,0.9921355111917723,0.7214076246334311,nb
313,Synset('chordophone.n.01'),music,8,1,0,9,77,11,1,1,-18.19563658,0.0,0.8929219600725952,0.9745331069609507,nb
314,Synset('cittern.n.01'),music,0,1,0,10,98,6,5,2,-15.31133971,0.0,0.9921355111917723,1.2403148634048464,nb
315,Synset('clarinet.n.01'),music,3,1,0,12,45,8,1,1,-14.06837004,0.0,1.190562613430127,0.5695323352369193,b
316,Synset('clarion.n.01'),music,0,1,0,10,52,7,1,4,-14.71439654,0.0,0.9921355111917723,0.6581262540515511,b
317,Synset('concert_grand.n.01'),music,0,1,0,11,47,13,2,1,-18.15748824,0.0,1.0913490623109496,0.5948448834696712,nb
318,Synset('concertina.n.02'),music,1,1,0,10,105,10,1,3,-15.37626011,0.0,0.9921355111917723,1.3289087822194785,b
319,Synset('contrabassoon.n.01'),music,0,1,0,13,61,13,3,1,-19.22221505,0.0,1.2897761645493042,0.772032721098935,nb
320,Synset('cornet.n.01'),music,1,1,0,10,118,4,4,12,-12.48279691,0.0,0.9921355111917723,1.493440345732366,b
321,Synset('diapason.n.01'),music,0,1,0,11,44,8,2,1,-16.65324754,0.0,1.0913490623109496,0.5568760611205432,nb
322,Synset('double-reed_instrument.n.01'),music,12,1,1,11,64,11,2,2,-18.79472405,3.9047619047619047,1.0913490623109496,0.810001543448063,nb
323,Synset('drone.n.05'),music,0,1,1,10,71,5,3,7,-14.79894201,3.9047619047619047,0.9921355111917723,0.8985954622626948,nb
324,Synset('drum.n.01'),music,8,1,1,9,112,4,3,9,-12.90803908,3.9047619047619047,0.8929219600725952,1.41750270103411,b
325,Synset('dulciana.n.01'),music,0,1,0,11,57,8,1,1,-20.55731062,0.0,1.0913490623109496,0.7214076246334311,nb
326,Synset('dulcimer.n.01'),music,0,1,0,9,113,8,1,2,-15.96924235,0.0,0.8929219600725952,1.4301589751504862,b
327,Synset('electric_guitar.n.01'),music,0,1,0,10,53,15,1,1,-15.35732271,0.0,0.9921355111917723,0.6707825281679272,nb
328,Synset('electronic_instrument.n.01'),music,3,1,0,8,57,21,2,1,-18.49117414,0.0,0.793708408953418,0.7214076246334311,nb
329,Synset('euphonium.n.01'),music,0,1,0,10,72,9,1,1,-18.11307502,0.0,0.9921355111917723,0.9112517363790708,nb
330,Synset('fife.n.01'),music,0,1,0,11,124,4,1,1,-14.41845731,0.0,1.0913490623109496,1.569377990430622,nb
331,Synset('flageolet.n.02'),music,1,1,0,11,63,9,3,2,-17.18608892,0.0,1.0913490623109496,0.7973452693316869,nb
332,Synset('flue_pipe.n.01'),music,0,1,0,10,90,4,3,3,-14.74045914,0.0,0.9921355111917723,1.1390646704738383,nb
333,Synset('flue_stop.n.01'),music,0,1,0,11,42,9,1,1,-23.04783735,0.0,1.0913490623109496,0.5315635128877914,nb
334,Synset('flugelhorn.n.01'),music,0,1,0,10,60,10,2,1,-19.06783203,0.0,0.9921355111917723,0.759376446982559,b
335,Synset('flute.n.01'),music,3,1,0,10,165,5,2,4,-13.46889965,0.0,0.9921355111917723,2.0882852292020373,b
336,Synset('free-reed_instrument.n.01'),music,6,1,1,9,34,20,1,1,-22.03274794,3.9047619047619047,0.8929219600725952,0.4303133199567834,nb
337,Synset('french_horn.n.01'),music,0,1,0,10,114,4,2,12,-12.32889419,0.0,0.9921355111917723,1.4428152492668622,b
338,Synset('glockenspiel.n.01'),music,0,1,0,9,116,12,2,1,-18.03397839,0.0,0.8929219600725952,1.468127797499614,b
339,Synset('gong.n.01'),music,0,1,0,9,94,4,2,3,-14.32166447,0.0,0.8929219600725952,1.1896897669393425,b
340,Synset('grand_piano.n.01'),music,2,1,1,10,91,5,2,10,-11.02018349,3.9047619047619047,0.9921355111917723,1.1517209445902146,nb
341,Synset('guarnerius.n.03'),music,0,1,0,11,48,10,1,3,-17.37564012,0.0,1.0913490623109496,0.6075011575860472,nb
342,Synset('guitar.n.01'),music,6,1,1,9,81,6,1,1,-12.05229566,3.9047619047619047,0.8929219600725952,1.0251582034264546,b
343,Synset('harmonica.n.01'),music,0,1,0,10,133,4,4,5,-13.99401767,0.0,0.9921355111917723,1.6832844574780057,b
344,Synset('harmonium.n.01'),music,0,1,0,10,74,5,3,6,-12.06153174,0.0,0.9921355111917723,0.9365642846118228,b
345,Synset('harp.n.01'),music,3,1,0,10,189,4,1,5,-12.73653956,0.0,0.9921355111917723,2.392035807995061,b
346,Synset('hawaiian_guitar.n.01'),music,0,1,0,10,106,12,2,1,-17.49004452,0.0,0.9921355111917723,1.3415650563358543,nb
347,Synset('heckelphone.n.01'),music,0,1,0,13,49,11,2,1,-21.44151305,0.0,1.2897761645493042,0.6201574317024232,nb
348,Synset('helicon.n.01'),music,0,1,0,10,51,7,2,2,-18.00752583,0.0,0.9921355111917723,0.6454699799351752,nb
349,Synset('jew's_harp.n.01'),music,0,1,0,8,153,9,3,1,-19.98555526,0.0,0.793708408953418,1.9364099398055248,b
350,Synset('keyboard_instrument.n.01'),music,16,1,0,8,58,19,1,1,-17.5547759,0.0,0.793708408953418,0.734063898749807,nb
351,Synset('koto.n.01'),music,0,1,0,9,155,4,1,1,-15.50161886,0.0,0.8929219600725952,1.961722488038277,b
352,Synset('lagerphone.n.01'),music,0,1,0,9,178,10,1,1,-23.69280483,0.0,0.8929219600725952,2.252816792714925,b
353,Synset('lute.n.02'),music,0,1,1,10,120,4,1,2,-13.55757087,3.9047619047619047,0.9921355111917723,1.518752893965118,b
354,Synset('lyre.n.01'),music,1,1,0,11,47,4,1,1,-13.6088307,0.0,1.0913490623109496,0.5948448834696712,nb
355,Synset('mandola.n.01'),music,0,1,0,11,25,7,1,1,-18.82527039,0.0,1.0913490623109496,0.3164068529093995,nb
356,Synset('mandolin.n.01'),music,1,1,1,10,73,8,1,1,-15.00857295,3.9047619047619047,0.9921355111917723,0.9239080104954468,b
357,Synset('maraca.n.01'),music,0,1,0,9,103,6,1,1,-18.22053412,0.0,0.8929219600725952,1.3035962339867262,b
358,Synset('marimba.n.01'),music,0,1,0,9,122,7,2,1,-16.16366696,0.0,0.8929219600725952,1.54406544219787,b
359,Synset('mechanical_piano.n.01'),music,0,1,0,10,87,7,3,1,-17.75347216,0.0,0.9921355111917723,1.1010958481247106,nb
360,Synset('musette_pipe.n.01'),music,0,1,0,13,19,12,1,1,-23.02585093,0.0,1.2897761645493042,0.2404692082111436,nb
361,Synset('musette.n.01'),music,0,1,0,11,42,7,2,2,-17.47819672,0.0,1.0913490623109496,0.5315635128877914,nb
362,Synset('music_box.n.01'),music,0,1,0,8,110,9,2,1,-16.35172947,0.0,0.793708408953418,1.3921901528013585,b
363,Synset('musical_instrument.n.01'),music,163,1,0,7,90,10,2,9,-11.01229273,0.0,0.6944948578342407,1.1390646704738383,nb
364,Synset('nose_flute.n.01'),music,0,1,0,11,85,10,1,1,-19.2523482,0.0,1.0913490623109496,1.0757832998919583,nb
365,Synset('oboe_d'amore.n.01'),music,0,1,0,13,89,12,1,1,-19.08763468,0.0,1.2897761645493042,1.1264083963574625,nb
366,Synset('oboe_da_caccia.n.01'),music,0,1,0,13,43,14,1,1,-19.7225129,0.0,1.2897761645493042,0.5442197870041673,nb
367,Synset('oboe.n.01'),music,6,1,0,12,93,4,3,1,-15.63764708,0.0,1.190562613430127,1.1770334928229664,b
368,Synset('ocarina.n.01'),music,0,1,0,9,73,7,2,3,-15.46393879,0.0,0.8929219600725952,0.9239080104954468,b
369,Synset('organ_stop.n.01'),music,7,1,0,10,51,10,1,1,-19.15601708,0.0,0.9921355111917723,0.6454699799351752,nb
370,Synset('organ.n.05'),music,0,2,5,9,160,5,2,6,-11.66111133,19.52380952380952,0.8929219600725952,2.025003858620157,b
371,Synset('panpipe.n.01'),music,0,1,0,10,79,6,3,2,-17.1013462,0.0,0.9921355111917723,0.9998456551937028,b
372,Synset('pennywhistle.n.01'),music,0,1,0,11,27,7,3,11,-13.14904367,0.0,1.0913490623109496,0.3417194011421515,nb
373,Synset('percussion_instrument.n.01'),music,33,1,1,8,82,21,2,1,-17.89599189,3.9047619047619047,0.793708408953418,1.0378144775428306,nb
374,Synset('piano.n.01'),music,6,3,7,9,117,5,3,4,-12.34318682,27.33333333333333,0.8929219600725952,1.48078407161599,b
375,Synset('piccolo.n.01'),music,0,1,0,11,57,7,1,1,-15.69044527,0.0,1.0913490623109496,0.7214076246334311,nb
376,Synset('pipe.n.04'),music,10,1,0,9,25,4,1,9,-10.78481852,0.0,0.8929219600725952,0.3164068529093995,nb
377,Synset('reed_pipe.n.01'),music,0,1,0,10,32,9,1,1,-17.84934029,0.0,0.9921355111917723,0.4050007717240315,nb
378,Synset('reed_stop.n.01'),music,1,1,0,11,48,9,1,1,-19.53629193,0.0,1.0913490623109496,0.6075011575860472,nb
379,Synset('sackbut.n.01'),music,0,1,0,11,51,7,1,1,-17.52738694,0.0,1.0913490623109496,0.6454699799351752,nb
380,Synset('samisen.n.01'),music,0,1,0,9,161,7,2,1,-16.44929187,0.0,0.8929219600725952,2.037660132736533,b
381,Synset('sax.n.02'),music,0,1,0,12,42,3,2,2,-14.77885099,0.0,1.190562613430127,0.5315635128877914,b
382,Synset('serpent.n.03'),music,0,1,0,11,42,7,1,3,-12.06722051,0.0,1.0913490623109496,0.5315635128877914,nb
383,Synset('shawm.n.01'),music,1,1,0,13,15,5,1,1,-17.34366583,0.0,1.2897761645493042,0.1898441117456397,nb
384,Synset('single-reed_instrument.n.01'),music,6,1,0,11,73,20,2,1,-21.77038368,0.0,1.0913490623109496,0.9239080104954468,nb
385,Synset('sitar.n.01'),music,0,1,0,9,137,5,1,1,-16.23116447,0.0,0.8929219600725952,1.7339095539435097,b
386,Synset('snare_drum.n.01'),music,0,1,1,10,71,5,3,7,-14.13252758,3.9047619047619047,0.9921355111917723,0.8985954622626948,nb
387,Synset('sourdine.n.02'),music,0,1,0,11,45,8,1,2,-19.33609603,0.0,1.0913490623109496,0.5695323352369193,nb
388,Synset('spinet.n.01'),music,0,1,0,11,41,6,1,2,-16.00434946,0.0,1.0913490623109496,0.5189072387714153,nb
389,Synset('spinet.n.02'),music,0,1,0,11,53,6,1,2,-16.00434946,0.0,1.0913490623109496,0.6707825281679272,nb
390,Synset('stradavarius.n.01'),music,0,1,0,11,61,5,2,1,-17.64189285,0.0,1.0913490623109496,0.772032721098935,nb
391,Synset('stringed_instrument.n.01'),music,48,1,4,8,70,19,1,1,-15.95692752,15.61904761904762,0.793708408953418,0.8859391881463189,nb
392,Synset('synthesizer.n.02'),music,0,2,0,9,170,11,2,2,-15.20267459,0.0,0.8929219600725952,2.151566599783917,b
393,Synset('tabor_pipe.n.01'),music,0,1,0,12,99,10,1,1,-22.35469017,0.0,1.190562613430127,1.2529711375212225,nb
394,Synset('tabor.n.01'),music,0,1,0,10,43,5,2,1,-16.73864315,0.0,0.9921355111917723,0.5442197870041673,nb
395,Synset('tambour.n.02'),music,0,1,0,10,6,7,1,2,-16.20675225,0.0,0.9921355111917723,0.0759376446982559,nb
396,Synset('tambourine.n.01'),music,0,1,0,10,74,10,1,1,-14.92221046,0.0,0.9921355111917723,0.9365642846118228,nb
397,Synset('tenor_drum.n.01'),music,0,1,0,10,37,7,2,1,-16.83529623,0.0,0.9921355111917723,0.4682821423059113,nb
398,Synset('tenoroon.n.01'),music,0,1,0,13,65,8,1,1,-22.99965765,0.0,1.2897761645493042,0.8226578175644389,nb
399,Synset('theremin.n.01'),music,0,1,0,9,171,8,1,1,-17.71645395,0.0,0.8929219600725952,2.164222873900293,b
400,Synset('timbrel.n.01'),music,0,1,0,10,79,7,1,1,-16.50817566,0.0,0.9921355111917723,0.9998456551937028,nb
401,Synset('triangle.n.05'),music,0,1,0,9,87,8,1,5,-11.59642432,0.0,0.8929219600725952,1.1010958481247106,b
402,Synset('trigon.n.03'),music,0,1,0,12,44,6,1,3,-18.34569728,0.0,1.190562613430127,0.5568760611205432,nb
403,Synset('trombone.n.01'),music,1,1,0,10,91,8,1,1,-14.86372484,0.0,0.9921355111917723,1.1517209445902146,b
404,Synset('uke.n.01'),music,0,1,0,10,34,3,2,1,-16.50628209,0.0,0.9921355111917723,0.4303133199567834,nb
405,Synset('upright.n.02'),music,1,1,0,10,38,7,2,5,-12.13939001,0.0,0.9921355111917723,0.4809384164222873,nb
406,Synset('viol.n.01'),music,3,1,0,10,77,4,1,1,-15.01349277,0.0,0.9921355111917723,0.9745331069609507,nb
407,Synset('violin.n.01'),music,3,1,2,10,179,6,2,8,-12.62594775,7.809523809523809,0.9921355111917723,2.265473066831301,b
408,Synset('virginal.n.01'),music,0,1,0,11,91,8,2,4,-15.07107143,0.0,1.0913490623109496,1.1517209445902146,nb
409,Synset('vox_angelica.n.01'),music,0,1,0,11,47,12,2,1,-21.06683587,0.0,1.0913490623109496,0.5948448834696712,nb
410,Synset('vox_humana.n.01'),music,0,1,0,12,63,10,1,1,-18.4228645,0.0,1.190562613430127,0.7973452693316869,nb
411,Synset('whistle.n.03'),music,0,1,0,9,74,7,1,11,-12.05697168,0.0,0.8929219600725952,0.9365642846118228,b
412,Synset('wind_instrument.n.01'),music,75,1,2,8,108,4,2,15,-10.28215722,7.809523809523809,0.793708408953418,1.3668776045686062,nb
413,Synset('woodwind.n.01'),music,26,1,2,9,52,4,3,8,-10.94616,7.809523809523809,0.8929219600725952,0.6581262540515511,nb
414,Synset('zither.n.01'),music,1,1,0,9,140,6,3,2,-14.70298644,0.0,0.8929219600725952,1.7718783762926378,b
415,Synset('baby_bed.n.01'),furn,4,1,0,8,74,8,2,1,-18.492119948947803,0.0,0.8268625393494228,1.3808847210381736,nb
416,Synset('bedroom_furniture.n.01'),furn,24,1,0,8,39,17,1,1,-17.00164787833055,0.0,0.8268625393494228,0.7277635691957942,nb
417,Synset('bedstead.n.01'),furn,0,1,5,8,22,8,2,1,-14.88413676496886,15.634920634920634,0.8268625393494228,0.4105332954437813,nb
418,Synset('bookcase.n.01'),furn,0,1,1,8,51,8,1,1,-13.917662139171926,3.126984126984127,0.8268625393494228,0.9516908212560388,b
419,Synset('buffet.n.01'),furn,2,1,3,8,86,6,3,13,-11.554201226356591,9.38095238095238,0.8268625393494228,1.604811973098418,b
420,Synset('cabinet.n.01'),furn,3,1,1,8,101,7,1,4,-11.405622372022696,3.126984126984127,0.8268625393494228,1.884721038173724,b
421,Synset('chest_of_drawers.n.01'),furn,3,1,2,8,42,5,4,5,-11.539280221490433,6.253968253968254,0.8268625393494228,0.7837453822108553,b
422,Synset('dining-room_furniture.n.01'),furn,1,1,0,8,43,21,1,1,-19.187838610946105,0.0,0.8268625393494228,0.802405986549209,nb
423,Synset('etagere.n.01'),furn,0,1,1,8,69,7,1,1,-18.047357916055503,3.126984126984127,0.8268625393494228,1.287581699346405,nb
424,Synset('hallstand.n.01'),furn,0,1,0,8,89,9,1,1,-18.68885853237584,0.0,0.8268625393494228,1.6607937861134792,nb
425,Synset('lamp.n.02'),furn,4,1,4,8,61,4,1,2,-11.114169137636242,12.507936507936508,0.8268625393494228,1.1382968646395757,b
426,Synset('lawn_furniture.n.01'),furn,0,1,0,8,51,14,1,1,-17.772276967576367,0.0,0.8268625393494228,0.9516908212560388,nb
427,Synset('nest.n.05'),furn,0,1,0,8,43,4,1,9,-11.332235851910568,0.0,0.8268625393494228,0.802405986549209,nb
428,Synset('office_furniture.n.01'),furn,4,1,0,8,39,16,1,1,-15.77474473044058,0.0,0.8268625393494228,0.7277635691957942,nb
429,Synset('sectional.n.01'),furn,0,1,0,8,86,9,1,4,-12.305544642848355,0.0,0.8268625393494228,1.604811973098418,nb
430,Synset('sheraton.n.01'),furn,0,1,0,8,122,8,1,1,-14.782624045930117,0.0,0.8268625393494228,2.2765937292791514,nb
431,Synset('sleeper.n.07'),furn,0,1,0,8,53,7,1,9,-13.4780529984061,0.0,0.8268625393494228,0.989012029932746,nb
432,Synset('table.n.02'),furn,50,1,3,8,100,5,1,8,-8.889433717192944,9.38095238095238,0.8268625393494228,1.86606043383537,b
433,Synset('table.n.03'),furn,6,1,0,8,61,5,1,8,-8.889433717192944,0.0,0.8268625393494228,1.1382968646395757,nb
434,Synset('wall_unit.n.01'),furn,1,1,0,8,80,9,1,1,-17.73709750013076,0.0,0.8268625393494228,1.4928483470682958,nb
435,Synset('wardrobe.n.01'),furn,3,1,0,8,116,5,3,23,-10.79143397678956,0.0,0.8268625393494228,2.164630103249029,b
436,Synset('washstand.n.01'),furn,0,1,0,8,126,9,2,2,-15.950020664916275,0.0,0.8268625393494228,2.351236146632566,nb
437,Synset('bassinet.n.01'),furn,0,1,0,9,46,8,1,2,-16.124942223434463,0.0,0.9302203567681008,0.8583877995642701,nb
438,Synset('carrycot.n.01'),furn,0,1,1,9,77,8,1,1,-19.23845750358073,3.126984126984127,0.9302203567681008,1.4368665340532347,nb
439,Synset('cradle.n.01'),furn,0,1,1,9,33,6,1,10,-12.35476862921582,3.126984126984127,0.9302203567681008,0.6157999431656721,nb
440,Synset('bed.n.01'),furn,23,1,3,9,51,3,1,13,-9.203934613942122,9.38095238095238,0.9302203567681008,0.9516908212560388,b
441,Synset('credenza.n.01'),furn,0,1,0,9,29,8,2,2,-13.992014995022448,0.0,0.9302203567681008,0.5411575258122573,nb
442,Synset('minibar.n.01'),furn,0,1,0,9,47,7,2,1,-16.800163196147018,0.0,0.9302203567681008,0.8770484039026238,nb
443,Synset('china_cabinet.n.01'),furn,0,1,0,9,69,12,2,1,-17.04395027473513,0.0,0.9302203567681008,1.287581699346405,nb
444,Synset('dresser.n.05'),furn,0,1,0,9,22,7,1,5,-13.118978292178506,0.0,0.9302203567681008,0.4105332954437813,nb
445,Synset('medicine_chest.n.01'),furn,0,1,0,9,43,14,2,1,-15.818723497699516,0.0,0.9302203567681008,0.802405986549209,nb
446,Synset('chiffonier.n.01'),furn,0,1,1,9,31,7,2,2,-15.74071746407609,3.126984126984127,0.9302203567681008,0.5784787344889647,nb
447,Synset('highboy.n.01'),furn,0,1,0,9,76,7,2,1,-17.93075345754977,0.0,0.9302203567681008,1.418205929714881,nb
448,Synset('lowboy.n.01'),furn,0,1,0,9,60,6,1,1,-18.574810972356627,0.0,0.9302203567681008,1.119636260301222,nb
449,Synset('dining-room_table.n.01'),furn,0,2,1,9,72,17,1,1,-15.935123247700766,3.126984126984127,0.9302203567681008,1.3435635123614662,nb
450,Synset('floor_lamp.n.01'),furn,0,1,0,9,31,10,1,1,-16.944160846958614,0.0,0.9302203567681008,0.5784787344889647,nb
451,Synset('reading_lamp.n.01'),furn,1,1,0,9,38,12,1,1,-16.363850783070028,0.0,0.9302203567681008,0.7091029648574405,nb
452,Synset('table_lamp.n.01'),furn,0,1,0,9,27,10,1,1,-16.41254719997588,0.0,0.9302203567681008,0.5038363171355499,nb
453,Synset('file.n.03'),furn,3,1,0,9,70,4,3,9,-10.81353245454196,0.0,0.9302203567681008,1.306242303684759,nb
454,Synset('bench.n.01'),furn,8,1,0,9,36,5,1,9,-11.326136575377957,0.0,0.9302203567681008,0.6717817561807331,b
455,Synset('bench.n.07'),furn,0,1,1,9,40,5,1,9,-11.326136575377957,3.126984126984127,0.9302203567681008,0.7464241735341479,nb
456,Synset('box.n.08'),furn,0,1,1,9,28,3,2,13,-10.239054523097089,3.126984126984127,0.9302203567681008,0.5224969214739036,nb
457,Synset('box_seat.n.01'),furn,0,1,2,9,45,8,1,2,-16.78634564211906,6.253968253968254,0.9302203567681008,0.8397271952259164,nb
458,Synset('chair.n.01'),furn,35,1,2,9,50,5,1,7,-9.810675408281693,6.253968253968254,0.9302203567681008,0.933030216917685,b
459,Synset('sofa.n.01'),furn,9,1,0,9,44,4,3,4,-11.873709249309016,0.0,0.9302203567681008,0.8210665908875627,b
460,Synset('stool.n.01'),furn,7,1,0,9,36,5,1,8,-12.135862460341622,0.0,0.9302203567681008,0.6717817561807331,b
461,Synset('toilet_seat.n.01'),furn,0,1,1,9,27,11,1,1,-15.555355618324244,3.126984126984127,0.9302203567681008,0.5038363171355499,b
462,Synset('breakfast_table.n.01'),furn,0,1,0,9,32,15,1,1,-14.388623878851824,0.0,0.9302203567681008,0.5971393388273184,nb
463,Synset('card_table.n.01'),furn,0,1,0,9,42,10,1,2,-15.531404054294091,0.0,0.9302203567681008,0.7837453822108553,nb
464,Synset('card_table.n.02'),furn,0,1,0,9,64,10,1,2,-15.531404054294091,0.0,0.9302203567681008,1.1942786776546368,nb
465,Synset('coffee_table.n.01'),furn,0,1,0,9,74,12,2,1,-14.397337832206512,0.0,0.9302203567681008,1.3808847210381736,nb
466,Synset('conference_table.n.01'),furn,0,1,1,9,58,13,3,1,-15.941504464939166,3.126984126984127,0.9302203567681008,1.0823150516245146,nb
467,Synset('console_table.n.01'),furn,0,1,0,9,65,7,2,5,-12.867650216283444,0.0,0.9302203567681008,1.2129392819929905,nb
468,Synset('desk.n.01'),furn,3,1,1,9,85,4,1,1,-10.547385326875457,3.126984126984127,0.9302203567681008,1.5861513687600644,b
469,Synset('dressing_table.n.01'),furn,0,1,0,9,81,6,4,5,-12.823190542228026,0.0,0.9302203567681008,1.5115089514066495,nb
470,Synset('drop-leaf_table.n.01'),furn,1,1,1,9,51,15,1,1,-18.9787468022603,3.126984126984127,0.9302203567681008,0.9516908212560388,nb
471,Synset('gaming_table.n.01'),furn,0,1,0,9,79,12,1,1,-16.44728682786035,0.0,0.9302203567681008,1.474187742729942,nb
472,Synset('gueridon.n.01'),furn,0,1,0,9,19,8,1,1,-18.965417024747737,0.0,0.9302203567681008,0.3545514824287202,nb
473,Synset('kitchen_table.n.01'),furn,0,1,0,9,22,13,1,1,-13.272893632331398,0.0,0.9302203567681008,0.4105332954437813,nb
474,Synset('operating_table.n.01'),furn,0,1,0,9,59,15,1,1,-15.147200710135213,0.0,0.9302203567681008,1.1009756559628685,nb
475,Synset('parsons_table.n.01'),furn,0,1,0,9,103,13,1,1,-21.176035145540027,0.0,0.9302203567681008,1.922042246850431,nb
476,Synset('pedestal_table.n.01'),furn,1,1,0,9,44,14,1,1,-18.12058363475397,0.0,0.9302203567681008,0.8210665908875627,nb
477,Synset('pier_table.n.01'),furn,0,1,0,9,34,10,1,1,-19.45052508816284,0.0,0.9302203567681008,0.6344605475040258,nb
478,Synset('platen.n.01'),furn,0,1,0,9,28,6,1,3,-15.9604356329915,0.0,0.9302203567681008,0.5224969214739036,nb
479,Synset('pool_table.n.01'),furn,0,2,2,8,66,10,3,1,-16.10745353881119,6.253968253968254,0.8268625393494228,1.2315998863313442,b
480,Synset('table-tennis_table.n.01'),furn,0,1,0,9,37,14,3,1,-18.98074282969861,0.0,0.9302203567681008,0.6904423605190868,b
481,Synset('tea_table.n.01'),furn,0,1,0,9,39,9,1,1,-15.700215510489642,0.0,0.9302203567681008,0.7277635691957942,nb
482,Synset('trestle_table.n.01'),furn,0,1,1,9,29,13,1,1,-16.91878717134202,3.126984126984127,0.9302203567681008,0.5411575258122573,nb
483,Synset('worktable.n.01'),furn,3,1,0,9,38,9,2,1,-16.02910716409528,0.0,0.9302203567681008,0.7091029648574405,nb
484,Synset('dining_table.n.01'),furn,5,1,0,9,33,5,2,13,-10.209887289680616,0.0,0.9302203567681008,0.6157999431656721,nb
485,Synset('entertainment_center.n.01'),furn,0,1,0,9,51,20,1,1,-16.253250772261957,0.0,0.9302203567681008,0.9516908212560388,nb
486,Synset('armoire.n.01'),furn,0,1,0,9,64,7,1,1,-15.534861354603226,0.0,0.9302203567681008,1.1942786776546368,nb
487,Synset('clothes_closet.n.01'),furn,0,1,0,9,33,12,2,1,-17.723764745275215,0.0,0.9302203567681008,0.6157999431656721,nb
488,Synset('coat_closet.n.01'),furn,0,1,0,9,30,11,1,1,-17.1956348968535,0.0,0.9302203567681008,0.559818130150611,nb
489,Synset('berth.n.03'),furn,2,1,0,10,42,4,3,9,-13.41496513961908,0.0,1.0335781741867784,0.7837453822108553,nb
490,Synset('built-in_bed.n.01'),furn,0,1,0,10,42,12,1,1,-20.274890062372343,0.0,1.0335781741867784,0.7837453822108553,nb
491,Synset('bunk_bed.n.01'),furn,0,1,0,10,30,4,2,9,-13.646697693657783,0.0,1.0335781741867784,0.559818130150611,nb
492,Synset('deathbed.n.02'),furn,0,1,0,10,30,8,1,2,-13.74664103166947,0.0,1.0335781741867784,0.559818130150611,nb
493,Synset('double_bed.n.01'),furn,0,1,0,10,45,10,1,1,-15.367661717247714,0.0,1.0335781741867784,0.8397271952259164,nb
494,Synset('four-poster.n.01'),furn,0,1,1,10,85,11,1,1,-15.499957723100565,3.126984126984127,1.0335781741867784,1.5861513687600644,nb
495,Synset('hammock.n.02'),furn,0,1,0,10,92,4,2,13,-12.633655359831447,0.0,1.0335781741867784,1.7167755991285405,b
496,Synset('marriage_bed.n.01'),furn,0,1,0,10,36,12,1,1,-15.977963192795288,0.0,1.0335781741867784,0.6717817561807331,nb
497,Synset('murphy_bed.n.01'),furn,0,1,0,10,68,10,1,1,-18.18802491401947,0.0,1.0335781741867784,1.2689210950080516,nb
498,Synset('plank-bed.n.01'),furn,0,1,0,10,36,9,1,1,-19.93160468414068,0.0,1.0335781741867784,0.6717817561807331,nb
499,Synset('platform_bed.n.01'),furn,0,1,0,10,21,12,1,1,-18.843144752564225,0.0,1.0335781741867784,0.3918726911054276,nb
500,Synset('sickbed.n.01'),furn,0,1,0,10,35,7,1,1,-15.863970334404325,0.0,1.0335781741867784,0.6531211518423795,nb
501,Synset('single_bed.n.01'),furn,1,1,0,10,22,10,1,1,-15.72005684849139,0.0,1.0335781741867784,0.4105332954437813,nb
502,Synset('sleigh_bed.n.01'),furn,0,1,0,10,69,10,1,1,-18.088495320895014,0.0,1.0335781741867784,1.287581699346405,nb
503,Synset('trundle_bed.n.01'),furn,0,1,0,10,39,7,4,3,-16.354569678696908,0.0,1.0335781741867784,0.7277635691957942,nb
504,Synset('twin_bed.n.01'),furn,0,1,0,10,31,8,1,1,-16.736102550997337,0.0,1.0335781741867784,0.5784787344889647,nb
505,Synset('water_bed.n.01'),furn,0,1,0,10,70,9,1,1,-17.56096785621733,0.0,1.0335781741867784,1.306242303684759,nb
506,Synset('student_lamp.n.01'),furn,0,1,0,10,51,12,1,1,-18.099077472927394,0.0,1.0335781741867784,0.9516908212560388,nb
507,Synset('card_index.n.01'),furn,1,1,0,10,94,10,3,2,-16.798183893234814,0.0,1.0335781741867784,1.7540968078052477,nb
508,Synset('vertical_file.n.01'),furn,0,1,0,10,54,13,1,1,-17.92685402069007,0.0,1.0335781741867784,1.0076726342710998,nb
509,Synset('banquette.n.01'),furn,0,1,0,10,20,9,1,1,-15.896335604403903,0.0,1.0335781741867784,0.3732120867670739,nb
510,Synset('flat_bench.n.01'),furn,0,1,0,10,52,10,1,1,-18.14999757200428,0.0,1.0335781741867784,0.9703514255943924,nb
511,Synset('park_bench.n.01'),furn,0,1,0,10,24,10,1,1,-15.486715779604747,0.0,1.0335781741867784,0.4478545041204887,nb
512,Synset('penalty_box.n.01'),furn,0,1,1,10,107,11,1,1,-17.4605886607717,3.126984126984127,1.0335781741867784,1.9966846642038456,nb
513,Synset('pew.n.01'),furn,0,1,0,10,57,3,2,1,-13.920693974410352,0.0,1.0335781741867784,1.0636544472861609,nb
514,Synset('prie-dieu.n.01'),furn,0,1,0,10,25,9,1,1,-16.99700589384371,0.0,1.0335781741867784,0.4665151084588425,nb
515,Synset('settle.n.01'),furn,0,1,0,10,31,6,2,23,-11.554596195905756,0.0,1.0335781741867784,0.5784787344889647,nb
516,Synset('window_seat.n.01'),furn,0,1,0,10,50,11,1,1,-15.063544965685937,0.0,1.0335781741867784,0.933030216917685,nb
517,Synset('armchair.n.01'),furn,6,1,1,10,42,8,1,1,-13.070331757523585,3.126984126984127,1.0335781741867784,0.7837453822108553,nb
518,Synset('barber_chair.n.01'),furn,0,1,1,10,68,12,1,1,-17.772276967576367,3.126984126984127,1.0335781741867784,1.2689210950080516,nb
519,Synset('chair_of_state.n.01'),furn,5,1,0,10,52,14,1,1,-16.077013736421822,0.0,1.0335781741867784,0.9703514255943924,nb
520,Synset('chaise_longue.n.01'),furn,0,1,0,10,27,6,3,2,-14.420752176841235,0.0,1.0335781741867784,0.5038363171355499,nb
521,Synset('eames_chair.n.01'),furn,0,1,0,10,112,11,1,1,-19.004786100554565,0.0,1.0335781741867784,2.0899876858956143,nb
522,Synset('fighting_chair.n.01'),furn,0,1,0,10,67,14,1,1,-18.90470261545014,0.0,1.0335781741867784,1.250260490669698,nb
523,Synset('folding_chair.n.01'),furn,3,1,1,10,43,13,1,1,-15.903035646967217,3.126984126984127,1.0335781741867784,0.802405986549209,nb
524,Synset('ladder-back.n.01'),furn,0,1,1,10,26,11,2,2,-18.253351432840184,3.126984126984127,1.0335781741867784,0.4851757127971962,nb
525,Synset('lawn_chair.n.01'),furn,0,1,0,10,51,10,2,1,-16.56894374954861,0.0,1.0335781741867784,0.9516908212560388,nb
526,Synset('straight_chair.n.01'),furn,1,1,2,10,36,10,2,1,-17.514447873050965,6.253968253968254,1.0335781741867784,0.6717817561807331,nb
527,Synset('swivel_chair.n.01'),furn,0,1,0,10,32,12,1,1,-15.69571678185941,0.0,1.0335781741867784,0.5971393388273184,nb
528,Synset('tablet-armed_chair.n.01'),furn,0,1,1,10,53,18,1,1,-23.025850929940457,3.126984126984127,1.0335781741867784,0.989012029932746,nb
529,Synset('wheelchair.n.01'),furn,2,1,0,10,116,10,1,1,-12.779681899827464,0.0,1.0335781741867784,2.164630103249029,b
530,Synset('convertible.n.03'),furn,3,1,0,10,39,8,2,6,-13.765872135716752,0.0,1.0335781741867784,0.7277635691957942,nb
531,Synset('daybed.n.01'),furn,0,1,0,10,50,6,2,2,-17.283819768956178,0.0,1.0335781741867784,0.933030216917685,nb
532,Synset('divan.n.01'),furn,0,1,0,10,58,5,1,4,-13.969102047976568,0.0,1.0335781741867784,1.0823150516245146,nb
533,Synset('love_seat.n.01'),furn,0,1,0,10,32,8,4,3,-14.340639616572028,0.0,1.0335781741867784,0.5971393388273184,nb
534,Synset('settee.n.02'),furn,0,1,0,10,12,6,1,2,-14.387790884404474,0.0,1.0335781741867784,0.2239272520602443,nb
535,Synset('squab.n.02'),furn,0,1,0,10,18,5,1,4,-16.275224453553907,0.0,1.0335781741867784,0.3358908780903665,nb
536,Synset('campstool.n.01'),furn,0,1,0,10,15,9,1,1,-17.80392691312429,0.0,1.0335781741867784,0.2799090650753055,nb
537,Synset('cutty_stool.n.01'),furn,0,1,0,10,92,11,1,1,-19.979784383247527,0.0,1.0335781741867784,1.7167755991285405,nb
538,Synset('footstool.n.01'),furn,0,1,0,10,57,6,4,5,-15.10245411556315,0.0,1.0335781741867784,1.0636544472861609,nb
539,Synset('milking_stool.n.01'),furn,0,1,0,10,81,13,1,1,-17.93584956563938,0.0,1.0335781741867784,1.5115089514066495,nb
540,Synset('music_stool.n.01'),furn,0,1,0,10,55,11,2,1,-17.24119751511969,0.0,1.0335781741867784,1.0263332386094537,nb
541,Synset('step_stool.n.01'),furn,0,1,0,10,58,10,1,1,-17.47758627133917,0.0,1.0335781741867784,1.0823150516245146,nb
542,Synset('taboret.n.01'),furn,0,1,0,10,34,7,2,1,-17.760559656418263,0.0,1.0335781741867784,0.6344605475040258,nb
543,Synset('bar.n.02'),furn,10,1,0,10,44,3,1,19,-10.07623676030837,0.0,1.0335781741867784,0.8210665908875627,b
544,Synset('checkout.n.03'),furn,0,1,0,10,59,8,2,3,-14.79255776374328,0.0,1.0335781741867784,1.1009756559628685,b
545,Synset('meat_counter.n.01'),furn,0,1,0,10,42,12,1,1,-17.795563966611944,0.0,1.0335781741867784,0.7837453822108553,nb
546,Synset('notions_counter.n.01'),furn,0,1,0,10,30,15,1,1,-20.90777121543374,0.0,1.0335781741867784,0.559818130150611,nb
547,Synset('reception_desk.n.01'),furn,0,1,0,10,51,14,1,1,-15.179965903971071,0.0,1.0335781741867784,0.9516908212560388,nb
548,Synset('davenport.n.02'),furn,0,1,0,10,31,9,1,3,-16.251484476735257,0.0,1.0335781741867784,0.5784787344889647,nb
549,Synset('secretary.n.04'),furn,0,1,0,10,23,9,4,4,-12.150210436518108,0.0,1.0335781741867784,0.429193899782135,nb
550,Synset('writing_desk.n.02'),furn,0,1,0,10,47,12,1,2,-15.427622605899977,0.0,1.0335781741867784,0.8770484039026238,nb
551,Synset('gateleg_table.n.01'),furn,0,1,0,10,63,13,1,1,-19.69793328111451,0.0,1.0335781741867784,1.175618073316283,nb
552,Synset('tilt-top_table.n.01'),furn,0,1,0,10,84,9,3,1,-21.52331626673396,0.0,1.0335781741867784,1.5674907644217106,nb
553,Synset('lectern.n.01'),furn,0,1,0,10,88,7,2,1,-15.377699367893808,0.0,1.0335781741867784,1.6421331817751257,nb
554,Synset('drafting_table.n.01'),furn,0,1,0,10,31,13,2,1,-17.447565236096334,0.0,1.0335781741867784,0.5784787344889647,nb
555,Synset('workbench.n.01'),furn,1,1,0,10,46,5,3,9,-12.39109312382221,0.0,1.0335781741867784,0.8583877995642701,nb
556,Synset('dinner_table.n.01'),furn,0,1,1,10,49,12,1,1,-13.921095974000066,3.126984126984127,1.0335781741867784,0.9143696125793312,nb
557,Synset('high_table.n.01'),furn,0,1,1,10,98,10,1,1,-15.80754612971022,3.126984126984127,1.0335781741867784,1.8287392251586625,nb
558,Synset('refectory_table.n.01'),furn,0,1,0,10,72,15,1,1,-17.883051379447334,0.0,1.0335781741867784,1.3435635123614662,nb
559,Synset('triclinium.n.02'),furn,0,1,0,10,61,10,1,2,-16.76819244741152,0.0,1.0335781741867784,1.1382968646395757,nb
560,Synset('lower_berth.n.01'),furn,0,1,0,11,23,5,2,16,-9.770483123848075,0.0,1.1369359916054564,0.429193899782135,nb
561,Synset('upper_berth.n.01'),furn,0,1,0,11,24,5,2,6,-10.52265471506875,0.0,1.1369359916054564,0.4478545041204887,nb
562,Synset('hospital_bed.n.01'),furn,0,1,1,11,99,12,1,1,-14.497596252654036,3.126984126984127,1.1369359916054564,1.847399829497016,nb
563,Synset('rolodex.n.01'),furn,0,1,0,11,118,7,1,1,-16.187862748768747,0.0,1.1369359916054564,2.201951311925737,nb
564,Synset('captain's_chair.n.01'),furn,0,1,0,11,78,15,1,1,-17.24075585713973,0.0,1.1369359916054564,1.4555271383915884,nb
565,Synset('easy_chair.n.01'),furn,1,1,0,11,34,10,3,1,-15.208705712646353,0.0,1.1369359916054564,0.6344605475040258,nb
566,Synset('fauteuil.n.01'),furn,0,1,0,11,23,8,1,1,-16.739120612698002,0.0,1.1369359916054564,0.429193899782135,nb
567,Synset('morris_chair.n.01'),furn,0,1,0,11,35,12,1,1,-17.32752551892856,0.0,1.1369359916054564,0.6531211518423795,nb
568,Synset('recliner.n.01'),furn,0,1,0,11,97,7,3,3,-15.554580449967956,0.0,1.1369359916054564,1.8100786208203088,nb
569,Synset('camp_chair.n.01'),furn,0,1,0,11,21,10,1,1,-17.584005579561946,0.0,1.1369359916054564,0.3918726911054276,nb
570,Synset('deck_chair.n.01'),furn,0,1,0,11,76,10,2,1,-16.62702841119392,0.0,1.1369359916054564,1.418205929714881,nb
571,Synset('yacht_chair.n.01'),furn,0,1,0,11,40,11,1,1,-23.025850929940457,0.0,1.1369359916054564,0.7464241735341479,nb
572,Synset('boston_rocker.n.01'),furn,0,1,0,11,71,13,1,1,-19.45052508816284,0.0,1.1369359916054564,1.3249029080231127,nb
573,Synset('platform_rocker.n.01'),furn,0,1,0,11,34,15,1,1,-20.3397871155194,0.0,1.1369359916054564,0.6344605475040258,nb
574,Synset('shoofly.n.02'),furn,0,1,0,11,129,7,1,2,-18.87252324883337,0.0,1.1369359916054564,2.407217959647628,nb
575,Synset('windsor_chair.n.01'),furn,0,1,0,11,63,13,1,1,-17.199954549414386,0.0,1.1369359916054564,1.175618073316283,nb
576,Synset('bath_chair.n.01'),furn,0,1,0,11,56,10,1,1,-18.28139899108635,0.0,1.1369359916054564,1.0449938429478072,nb
577,Synset('motorized_wheelchair.n.01'),furn,0,1,0,11,33,20,1,1,-18.23972635303252,0.0,1.1369359916054564,0.6157999431656721,nb
578,Synset('davenport.n.03'),furn,1,1,0,11,43,9,1,3,-16.251484476735257,0.0,1.1369359916054564,0.802405986549209,nb
579,Synset('studio_couch.n.01'),furn,0,1,0,11,86,7,2,1,-18.2499828203441,0.0,1.1369359916054564,1.604811973098418,nb
580,Synset('cash_bar.n.01'),furn,0,1,0,11,69,8,1,1,-18.53149840263569,0.0,1.1369359916054564,1.287581699346405,nb
581,Synset('oyster_bar.n.01'),furn,0,1,0,11,81,10,1,1,-18.07455782032652,0.0,1.1369359916054564,1.5115089514066495,nb
582,Synset('salad_bar.n.01'),furn,0,1,0,11,58,9,1,1,-16.33853304095129,0.0,1.1369359916054564,1.0823150516245146,nb
583,Synset('snack_bar.n.01'),furn,2,1,0,11,23,6,3,5,-14.479675151257185,0.0,1.1369359916054564,0.429193899782135,nb
584,Synset('soda_fountain.n.01'),furn,0,1,0,11,71,13,1,2,-16.071022567411962,0.0,1.1369359916054564,1.3249029080231127,nb
585,Synset('sushi_bar.n.01'),furn,0,1,0,11,27,9,1,1,-16.80367046076634,0.0,1.1369359916054564,0.5038363171355499,nb
586,Synset('wet_bar.n.01'),furn,0,1,0,11,58,7,1,1,-16.680508158133666,0.0,1.1369359916054564,1.0823150516245146,nb
587,Synset('wine_bar.n.01'),furn,0,1,0,11,27,8,1,1,-16.645091313005196,0.0,1.1369359916054564,0.5038363171355499,nb
588,Synset('lab_bench.n.01'),furn,0,1,1,11,27,9,2,1,-17.85349258526502,3.126984126984127,1.1369359916054564,0.5038363171355499,nb
589,Synset('wing_chair.n.01'),furn,0,1,0,12,51,10,1,1,-16.59894793492516,0.0,1.2402938090241342,0.9516908212560388,nb
590,Synset('cathedra.n.01'),furn,0,1,1,12,47,8,2,1,-16.21435256301664,3.126984126984127,1.2402938090241342,0.8770484039026238,nb
591,Synset('mercy_seat.n.01'),furn,0,1,0,12,17,10,1,2,-16.106647290675824,0.0,1.2402938090241342,0.3172302737520129,nb
592,Synset('musnud.n.01'),furn,0,1,1,12,64,6,1,1,-17.940232169632022,3.126984126984127,1.2402938090241342,1.1942786776546368,nb
593,Synset('peacock-throne.n.01'),furn,0,1,0,12,131,14,1,1,-21.20789820244548,0.0,1.2402938090241342,2.4445391683243347,nb
594,Synset('chesterfield.n.02'),furn,0,1,0,12,46,12,1,3,-17.108013432461195,0.0,1.2402938090241342,0.8583877995642701,nb
595,Synset('commissary.n.02'),furn,0,1,0,12,28,10,1,2,-13.703139552423092,0.0,1.2402938090241342,0.5224969214739036,nb
596,Synset('milk_bar.n.01'),furn,0,1,0,12,75,8,1,1,-18.10977274058025,0.0,1.2402938090241342,1.399545325376527,nb
597,Synset('furniture.n.01'),furn,196,1,0,7,62,9,3,1,-12.038504180708658,0.0,0.723504721930745,1.1569574689779294,nb
598,Synset('toga_virilis.n.01'),garm,0,1,0,11,76,12,1,1,-17.524378409235283,0.0,1.1581196581196582,1.2557005243263015,nb
599,Synset('abaya.n.01'),garm,0,1,0,9,80,5,1,1,-17.063441615106928,0.0,0.9475524475524476,1.3217900256066333,nb
600,Synset('prayer_shawl.n.01'),garm,0,1,0,11,95,6,3,2,-17.486516462245756,0.0,1.1581196581196582,1.5696256554078771,nb
601,Synset('kanzu.n.01'),garm,0,1,0,8,86,5,1,1,-18.905313055375416,0.0,0.8422688422688422,1.420924277527131,nb
602,Synset('trouser.n.01'),garm,26,1,8,8,109,4,2,5,-14.23983205182294,28.906666666666663,0.8422688422688422,1.8009389098890378,b
603,Synset('chap.n.04'),garm,0,1,0,9,157,4,1,5,-11.436433646214514,0.0,0.9475524475524476,2.594012925253018,nb
604,Synset('slacks.n.01'),garm,0,1,0,9,45,6,1,15,-13.865874370530738,0.0,0.9475524475524476,0.7435068894037312,nb
605,Synset('caftan.n.02'),garm,0,1,0,10,106,6,2,2,-16.2931009850585,0.0,1.052836052836053,1.751371783928789,nb
606,Synset('black_tie.n.02'),garm,0,1,0,11,41,9,1,2,-15.677291916710084,0.0,1.1581196581196582,0.6774173881233996,nb
607,Synset('weeds.n.01'),garm,0,1,0,8,61,5,2,5,-12.669955104647654,0.0,0.8422688422688422,1.007864894525058,nb
608,Synset('poncho.n.01'),garm,0,1,0,10,59,6,1,1,-15.04300564071556,0.0,1.052836052836053,0.974820143884892,b
609,Synset('uplift.n.02'),garm,0,1,0,9,47,6,1,5,-13.228273937435777,0.0,0.9475524475524476,0.7765516400438971,nb
610,Synset('three-piece_suit.n.01'),garm,0,1,1,10,60,16,1,1,-16.45604158950045,3.613333333333333,1.052836052836053,0.991342519204975,nb
611,Synset('two-piece.n.01'),garm,0,1,0,10,69,9,3,3,-16.642319447649925,0.0,1.052836052836053,1.1400438970857212,nb
612,Synset('sunsuit.n.01'),garm,0,1,0,8,54,7,1,1,-20.109285883735133,0.0,0.8422688422688422,0.8922082672844774,nb
613,Synset('snowsuit.n.01'),garm,0,1,0,9,38,8,1,1,-17.25185829305774,0.0,0.9475524475524476,0.6278502621631508,nb
614,Synset('wet_suit.n.01'),garm,0,1,0,8,112,8,1,1,-16.633559102820797,0.0,0.8422688422688422,1.8505060358492864,b
615,Synset('jersey.n.03'),garm,1,1,0,9,30,6,3,5,-13.738942138647936,0.0,0.9475524475524476,0.4956712596024875,nb
616,Synset('spat.n.02'),garm,0,1,0,9,62,4,2,14,-13.59362713321864,0.0,0.9475524475524476,1.0243872698451408,nb
617,Synset('chador.n.01'),garm,0,1,0,9,78,6,4,1,-17.60036440336671,0.0,0.9475524475524476,1.2887452749664674,nb
618,Synset('fur_coat.n.01'),garm,2,1,0,10,18,8,1,1,-14.710488772031194,0.0,1.052836052836053,0.2974027557614925,nb
619,Synset('sheepskin_coat.n.01'),garm,0,1,0,10,24,6,2,6,-16.243292892411606,0.0,1.052836052836053,0.3965370076819899,nb
620,Synset('bolo_tie.n.01'),garm,0,1,0,10,78,4,4,2,-17.072208474243276,0.0,1.052836052836053,1.2887452749664674,nb
621,Synset('ascot.n.01'),garm,0,1,0,10,62,5,1,1,-17.375640116355758,0.0,1.052836052836053,1.0243872698451408,nb
622,Synset('sweater.n.01'),garm,4,1,2,8,66,6,2,8,-13.321331330182574,7.226666666666666,0.8422688422688422,1.0904767711254724,b
623,Synset('culotte.n.01'),garm,0,1,0,9,15,7,1,1,-16.713659544437096,0.0,0.9475524475524476,0.2478356298012437,nb
624,Synset('chesterfield.n.03'),garm,0,1,0,11,38,12,1,3,-17.108013432461195,0.0,1.1581196581196582,0.6278502621631508,nb
625,Synset('zoot_suit.n.01'),garm,0,1,0,9,28,9,1,1,-17.051385283336167,0.0,0.9475524475524476,0.4626265089623216,nb
626,Synset('dirndl.n.01'),garm,0,1,0,10,38,6,1,2,-18.00244538085842,0.0,1.052836052836053,0.6278502621631508,nb
627,Synset('crinoline.n.02'),garm,0,1,0,10,47,9,1,3,-15.57281096543396,0.0,1.052836052836053,0.7765516400438971,nb
628,Synset('sable_coat.n.01'),garm,0,1,0,11,29,10,1,1,-17.729717318326784,0.0,1.1581196581196582,0.4791488842824045,nb
629,Synset('swaddling_clothes.n.01'),garm,0,1,0,8,58,15,2,2,-16.33609697623959,0.0,0.8422688422688422,0.9582977685648092,nb
630,Synset('wraparound.n.01'),garm,0,1,0,8,97,10,1,1,-15.010097191971552,0.0,0.8422688422688422,1.6026704060480428,nb
631,Synset('raglan.n.01'),garm,0,1,1,8,51,6,1,1,-17.713919056073223,3.613333333333333,0.8422688422688422,0.8426411413242287,nb
632,Synset('reversible.n.01'),garm,0,1,0,8,97,10,1,5,-12.915224476134629,0.0,0.8422688422688422,1.6026704060480428,nb
633,Synset('legging.n.01'),garm,4,1,0,8,73,6,3,1,-17.803774050973953,0.0,0.8422688422688422,1.206133398366053,b
634,Synset('skirt.n.02'),garm,14,1,6,8,64,5,1,8,-11.905320498764931,21.68,0.8422688422688422,1.0574320204853067,b
635,Synset('motley.n.02'),garm,0,1,1,8,62,6,1,7,-13.575133754553477,3.613333333333333,0.8422688422688422,1.0243872698451408,nb
636,Synset('fur.n.03'),garm,0,1,0,8,52,3,1,3,-11.245238070126955,0.0,0.8422688422688422,0.8591635166443117,nb
637,Synset('kirtle.n.01'),garm,0,1,0,11,68,6,1,2,-15.984843289060132,0.0,1.1581196581196582,1.1235215217656382,nb
638,Synset('straitjacket.n.02'),garm,0,1,0,8,127,12,2,2,-15.867160114542534,0.0,0.8422688422688422,2.0983416656505303,b
639,Synset('separate.n.02'),garm,0,1,0,8,87,8,1,19,-9.641577296209729,0.0,0.8422688422688422,1.4374466528472136,nb
640,Synset('head_covering.n.01'),garm,4,1,0,8,39,4,2,6,-12.21501721528462,0.0,0.8422688422688422,0.6443726374832337,nb
641,Synset('scarf.n.01'),garm,16,1,0,8,76,5,1,5,-12.759001636540958,0.0,0.8422688422688422,1.2557005243263015,b
642,Synset('peplos.n.01'),garm,0,1,0,8,105,6,3,2,-17.449933256938593,0.0,0.8422688422688422,1.7348494086087063,nb
643,Synset('shirt.n.01'),garm,10,1,6,8,44,5,1,2,-10.809490816632618,21.68,0.8422688422688422,0.7269845140836483,b
644,Synset('overgarment.n.01'),garm,87,1,0,8,34,11,2,1,-16.763342656165797,0.0,0.8422688422688422,0.5617607608828191,nb
645,Synset('undergarment.n.01'),garm,28,1,0,8,35,12,2,2,-15.809924020084884,0.0,0.8422688422688422,0.5782831362029021,nb
646,Synset('khimar.n.01'),garm,0,1,0,11,82,6,1,1,-18.56290607598159,0.0,1.1581196581196582,1.3548347762467992,nb
647,Synset('greatcoat.n.01'),garm,4,1,0,10,40,7,3,2,-14.009216098590112,0.0,1.052836052836053,0.6608950128033166,nb
648,Synset('capuchin.n.01'),garm,0,1,0,10,24,8,1,2,-15.94650413938614,0.0,1.052836052836053,0.3965370076819899,nb
649,Synset('dolman.n.01'),garm,0,1,1,11,41,6,2,2,-17.742229581689212,3.613333333333333,1.1581196581196582,0.6774173881233996,nb
650,Synset('bomber_jacket.n.01'),garm,0,1,0,11,42,13,1,1,-17.085544226563854,0.0,1.1581196581196582,0.6939397634434825,nb
651,Synset('eton_jacket.n.01'),garm,0,1,0,11,58,11,1,1,-18.3383071132644,0.0,1.1581196581196582,0.9582977685648092,nb
652,Synset('double-breasted_jacket.n.01'),garm,0,1,1,11,75,22,1,1,-18.51228722736365,3.613333333333333,1.1581196581196582,1.2391781490062188,nb
653,Synset('single-breasted_jacket.n.01'),garm,0,1,1,11,75,22,1,1,-19.88098579150605,3.613333333333333,1.1581196581196582,1.2391781490062188,nb
654,Synset('neckerchief.n.01'),garm,0,1,0,10,31,11,1,1,-15.538017292517782,0.0,1.052836052836053,0.5121936349225704,nb
655,Synset('parka.n.01'),garm,2,1,0,11,56,5,4,1,-15.879819749459962,0.0,1.1581196581196582,0.9252530179246432,nb
656,Synset('opera_cloak.n.01'),garm,0,1,0,10,39,10,2,1,-18.069304436582858,0.0,1.052836052836053,0.6443726374832337,nb
657,Synset('lab_coat.n.01'),garm,0,1,0,10,88,8,2,1,-16.25661588364943,0.0,1.052836052836053,1.4539690281672966,nb
658,Synset('mao_jacket.n.01'),garm,0,1,0,11,101,10,1,1,-19.33426533664973,0.0,1.1581196581196582,1.6687599073283743,nb
659,Synset('burberry.n.01'),garm,0,1,0,11,131,8,1,1,-16.180733584235707,0.0,1.1581196581196582,2.164431166930862,nb
660,Synset('bed_jacket.n.01'),garm,0,1,0,11,66,10,1,1,-18.785157457696112,0.0,1.1581196581196582,1.0904767711254724,nb
661,Synset('fichu.n.01'),garm,0,1,0,9,46,5,1,1,-16.666378033128446,0.0,0.9475524475524476,0.7600292647238142,nb
662,Synset('serape.n.01'),garm,0,1,0,11,57,6,2,1,-17.108704326280055,0.0,1.1581196581196582,0.9417753932447264,nb
663,Synset('capote.n.02'),garm,0,1,0,10,57,6,2,2,-16.82961292104636,0.0,1.052836052836053,0.9417753932447264,nb
664,Synset('cope.n.02'),garm,0,1,0,10,64,4,1,3,-11.659129182598493,0.0,1.052836052836053,1.0574320204853067,nb
665,Synset('newmarket.n.01'),garm,0,1,0,10,61,9,1,2,-19.955135169573904,0.0,1.052836052836053,1.007864894525058,nb
666,Synset('burnous.n.01'),garm,0,1,0,10,71,7,3,1,-17.27280988621551,0.0,1.052836052836053,1.173088647725887,nb
667,Synset('dhoti.n.01'),garm,0,1,0,9,34,5,1,1,-16.27762970360688,0.0,0.9475524475524476,0.5617607608828191,nb
668,Synset('four-in-hand.n.01'),garm,0,1,0,10,84,12,1,2,-16.06675878245891,0.0,1.052836052836053,1.387879526886965,nb
669,Synset('capote.n.01'),garm,0,1,0,11,60,6,2,2,-17.310260916928076,0.0,1.1581196581196582,0.991342519204975,nb
670,Synset('maxi.n.01'),garm,0,1,0,9,34,4,1,2,-16.167704090065705,0.0,0.9475524475524476,0.5617607608828191,nb
671,Synset('full_skirt.n.01'),garm,0,1,1,9,34,10,1,1,-16.74156206225718,3.613333333333333,0.9475524475524476,0.5617607608828191,nb
672,Synset('hobble_skirt.n.01'),garm,0,1,0,9,68,12,1,1,-18.799342085380843,0.0,0.9475524475524476,1.1235215217656382,nb
673,Synset('feather_boa.n.01'),garm,0,1,0,9,43,3,2,2,-15.2655810766373,0.0,0.9475524475524476,0.7104621387635653,nb
674,Synset('kameez.n.01'),garm,0,1,0,11,98,6,1,1,-16.789057558815372,0.0,1.1581196581196582,1.6191927813681255,nb
675,Synset('rebozo.n.01'),garm,0,1,0,9,146,6,1,1,-17.259864709359515,0.0,0.9475524475524476,2.412266796732106,nb
676,Synset('dashiki.n.01'),garm,0,1,0,9,42,7,2,1,-18.69559255502424,0.0,0.9475524475524476,0.6939397634434825,nb
677,Synset('jellaba.n.01'),garm,0,1,0,10,70,7,1,1,-18.212165874815472,0.0,1.052836052836053,1.156566272405804,nb
678,Synset('kurta.n.01'),garm,0,1,0,9,118,5,1,1,-16.720198581250823,0.0,0.9475524475524476,1.949640287769784,nb
679,Synset('banyan.n.02'),garm,0,1,0,11,48,6,2,2,-15.645455241368996,0.0,1.1581196581196582,0.7930740153639799,nb
680,Synset('bush_jacket.n.01'),garm,0,1,0,11,76,11,1,1,-18.764250814767347,0.0,1.1581196581196582,1.2557005243263015,nb
681,Synset('burqa.n.01'),garm,0,1,0,8,110,5,2,1,-16.337163746552537,0.0,0.8422688422688422,1.8174612852091208,b
682,Synset('domino.n.02'),garm,0,1,1,10,74,6,1,4,-14.129275565161604,3.613333333333333,1.052836052836053,1.222655773686136,nb
683,Synset('surcoat.n.01'),garm,0,1,0,10,43,7,1,2,-15.96263005144343,0.0,1.052836052836053,0.7104621387635653,nb
684,Synset('cloak.n.02'),garm,29,1,0,9,21,5,1,5,-11.7081209865571,0.0,0.9475524475524476,0.3469698817217412,nb
685,Synset('kimono.n.01'),garm,0,1,0,9,61,6,1,1,-14.533441966689765,0.0,0.9475524475524476,1.007864894525058,nb
686,Synset('camise.n.01'),garm,0,1,0,9,58,6,1,1,-19.58193094225808,0.0,0.9475524475524476,0.9582977685648092,nb
687,Synset('sarong.n.01'),garm,0,1,0,9,124,6,1,1,-15.497471139111964,0.0,0.9475524475524476,2.0487745396902817,nb
688,Synset('aba.n.01'),garm,0,1,0,9,67,3,1,2,-16.053643648218905,0.0,0.9475524475524476,1.1069991464455553,nb
689,Synset('bathrobe.n.01'),garm,0,1,0,9,60,8,1,1,-14.740587755332616,0.0,0.9475524475524476,0.991342519204975,nb
690,Synset('oilskin.n.01'),garm,0,1,0,12,86,7,2,7,-15.54972343646586,0.0,1.2634032634032637,1.420924277527131,nb
691,Synset('doublet.n.01'),garm,0,1,0,11,57,7,1,1,-13.842296259117251,0.0,1.1581196581196582,0.9417753932447264,nb
692,Synset('cutaway.n.02'),garm,0,1,0,10,67,7,1,2,-15.495266105762711,0.0,1.052836052836053,1.1069991464455553,nb
693,Synset('frock_coat.n.01'),garm,1,1,0,10,79,10,1,1,-15.107609628429447,0.0,1.052836052836053,1.3052676502865503,nb
694,Synset('prince_albert.n.02'),garm,0,1,0,11,34,13,1,2,-14.357531526268597,0.0,1.1581196581196582,0.5617607608828191,nb
695,Synset('swallow-tailed_coat.n.01'),garm,0,1,2,11,66,11,3,1,-16.940031839567844,7.226666666666666,1.1581196581196582,1.0904767711254724,nb
696,Synset('surtout.n.01'),garm,0,1,0,11,45,7,1,1,-14.88608123774274,0.0,1.1581196581196582,0.7435068894037312,nb
697,Synset('vest.n.01'),garm,1,1,1,8,49,4,2,7,-12.803313931556309,3.613333333333333,0.8422688422688422,0.8095963906840629,b
698,Synset('bow_tie.n.01'),garm,2,1,0,10,30,6,3,1,-16.118844191914143,0.0,1.052836052836053,0.4956712596024875,nb
699,Synset('dress_shirt.n.01'),garm,0,1,1,9,82,11,2,1,-16.250455165965153,3.613333333333333,0.9475524475524476,1.3548347762467992,nb
700,Synset('trench_coat.n.01'),garm,0,1,0,11,51,11,1,1,-15.568537739375484,0.0,1.1581196581196582,0.8426411413242287,nb
701,Synset('toga.n.01'),garm,1,1,0,10,45,4,1,1,-14.451547348419217,0.0,1.052836052836053,0.7435068894037312,b
702,Synset('salwar.n.01'),garm,0,1,0,9,133,6,2,1,-16.971981723860534,0.0,0.9475524475524476,2.197475917571028,nb
703,Synset('pants_suit.n.01'),garm,0,1,0,10,51,8,2,1,-16.55705697921849,0.0,1.052836052836053,0.8426411413242287,nb
704,Synset('ski_parka.n.01'),garm,0,1,0,12,31,9,2,1,-17.903254076706236,0.0,1.2634032634032637,0.5121936349225704,nb
705,Synset('face_veil.n.01'),garm,1,1,0,9,65,9,1,1,-16.940814422644543,0.0,0.9475524475524476,1.0739543958053896,nb
706,Synset('levi's.n.01'),garm,0,1,0,10,24,5,2,2,-15.520583759331387,0.0,1.052836052836053,0.3965370076819899,nb
707,Synset('dressing_gown.n.01'),garm,0,1,0,9,45,13,3,1,-15.697449317556693,0.0,0.9475524475524476,0.7435068894037312,nb
708,Synset('pea_jacket.n.01'),garm,0,1,0,11,46,7,2,1,-17.952283537532917,0.0,1.1581196581196582,0.7600292647238142,nb
709,Synset('sable.n.04'),garm,0,1,0,9,35,5,1,6,-13.560430256407471,0.0,0.9475524475524476,0.5782831362029021,nb
710,Synset('lambrequin.n.01'),garm,0,1,0,9,37,10,1,2,-18.0333226047568,0.0,0.9475524475524476,0.6113278868430679,nb
711,Synset('tudung.n.01'),garm,0,1,0,9,92,6,1,1,-19.181945320956544,0.0,0.9475524475524476,1.5200585294476283,nb
712,Synset('muffler.n.02'),garm,0,1,0,9,28,7,1,3,-14.894048286484916,0.0,0.9475524475524476,0.4626265089623216,nb
713,Synset('patka.n.01'),garm,0,1,0,9,24,5,1,1,-19.23845750358073,0.0,0.9475524475524476,0.3965370076819899,nb
714,Synset('suit.n.01'),garm,9,1,0,8,115,4,2,10,-11.007412664145496,0.0,0.8422688422688422,1.900073161809536,b
715,Synset('polo_shirt.n.01'),garm,0,1,0,9,63,10,2,1,-16.198505995296465,0.0,0.9475524475524476,1.0409096451652238,nb
716,Synset('coatee.n.01'),garm,0,1,0,10,26,6,1,1,-18.05445014088337,0.0,1.052836052836053,0.4295817583221558,nb
717,Synset('jacket.n.01'),garm,26,1,0,10,12,6,1,7,-11.382854269857637,0.0,1.052836052836053,0.1982685038409949,b
718,Synset('box_coat.n.01'),garm,0,1,0,10,50,8,1,1,-19.55132980330253,0.0,1.052836052836053,0.8261187660041458,nb
719,Synset('bolero.n.02'),garm,0,1,0,11,36,6,1,3,-16.125459179482316,0.0,1.1581196581196582,0.594805511522985,nb
720,Synset('chlamys.n.02'),garm,0,1,0,11,78,7,1,2,-17.014462731117227,0.0,1.1581196581196582,1.2887452749664674,nb
721,Synset('mackinaw.n.01'),garm,0,1,0,10,56,8,2,4,-17.675887332905678,0.0,1.052836052836053,0.9252530179246432,nb
722,Synset('tabard.n.01'),garm,0,1,0,11,109,6,1,1,-16.869518709773356,0.0,1.1581196581196582,1.8009389098890378,nb
723,Synset('donkey_jacket.n.01'),garm,0,1,0,11,43,13,1,1,-19.0588532952774,0.0,1.1581196581196582,0.7104621387635653,nb
724,Synset('lumberjack.n.02'),garm,0,1,0,11,25,10,2,2,-16.6505232320168,0.0,1.1581196581196582,0.4130593830020729,nb
725,Synset('lavalava.n.01'),garm,0,1,0,9,103,8,1,1,-19.26198798901396,0.0,0.9475524475524476,1.7018046579685404,nb
726,Synset('grass_skirt.n.01'),garm,0,1,0,9,36,11,1,1,-17.838351222075755,0.0,0.9475524475524476,0.594805511522985,nb
727,Synset('hoopskirt.n.01'),garm,0,1,1,9,28,9,2,3,-16.200044495829207,3.613333333333333,0.9475524475524476,0.4626265089623216,nb
728,Synset('gathered_skirt.n.01'),garm,1,1,0,9,55,14,1,1,-18.778139920359973,0.0,0.9475524475524476,0.9087306426045604,nb
729,Synset('pelisse.n.01'),garm,0,1,0,11,51,7,1,1,-15.58478360732772,0.0,1.1581196581196582,0.8426411413242287,nb
730,Synset('cape.n.02'),garm,4,1,0,10,45,4,2,10,-12.515359086443109,0.0,1.052836052836053,0.7435068894037312,b
731,Synset('gymslip.n.01'),garm,0,1,0,11,68,7,1,1,-19.821603841325583,0.0,1.1581196581196582,1.1235215217656382,nb
732,Synset('kerchief.n.01'),garm,5,1,0,9,86,8,1,1,-14.26116264313067,0.0,0.9475524475524476,1.420924277527131,nb
733,Synset('puttee.n.01'),garm,0,1,0,9,86,6,1,1,-18.31752641450708,0.0,0.9475524475524476,1.420924277527131,nb
734,Synset('single-breasted_suit.n.01'),garm,0,1,1,9,38,20,1,1,-19.5313120665445,3.613333333333333,0.9475524475524476,0.6278502621631508,nb
735,Synset('pinstripe.n.01'),garm,0,1,0,9,48,9,1,3,-16.344217259713513,0.0,0.9475524475524476,0.7930740153639799,nb
736,Synset('business_suit.n.01'),garm,2,1,0,9,51,13,1,1,-15.24972470307294,0.0,0.9475524475524476,0.8426411413242287,nb
737,Synset('double-breasted_suit.n.01'),garm,0,1,1,9,36,20,1,1,-17.550876008676912,3.613333333333333,0.9475524475524476,0.594805511522985,nb
738,Synset('turtleneck.n.01'),garm,0,2,1,9,52,6,3,4,-13.78783506334785,3.613333333333333,0.9475524475524476,0.8591635166443117,nb
739,Synset('pullover.n.01'),garm,1,1,0,9,52,8,2,1,-16.383927194512278,0.0,0.9475524475524476,0.8591635166443117,nb
740,Synset('jerkin.n.01'),garm,0,1,0,11,92,6,1,1,-15.263787356327695,0.0,1.1581196581196582,1.5200585294476283,nb
741,Synset('leotard.n.01'),garm,0,1,0,8,227,7,4,1,-17.406329684984108,0.0,0.8422688422688422,3.750579197658822,b
742,Synset('tank_top.n.01'),garm,0,1,0,9,127,8,1,1,-15.213841013716092,0.0,0.9475524475524476,2.0983416656505303,nb
743,Synset('surcoat.n.02'),garm,0,1,0,11,34,7,1,2,-15.96263005144343,0.0,1.1581196581196582,0.5617607608828191,nb
744,Synset('string_tie.n.01'),garm,0,1,0,10,43,10,1,1,-17.443875213614675,0.0,1.052836052836053,0.7104621387635653,nb
745,Synset('miniskirt.n.01'),garm,0,1,0,9,18,4,2,2,-13.16751844547592,0.0,0.9475524475524476,0.2974027557614925,nb
746,Synset('bulletproof_vest.n.01'),garm,0,2,0,9,50,16,1,1,-16.842270002323133,0.0,0.9475524475524476,0.8261187660041458,nb
747,Synset('izar.n.01'),garm,0,1,0,9,147,4,1,1,-19.50315010201372,0.0,0.9475524475524476,2.4287891720521886,nb
748,Synset('duffel_coat.n.01'),garm,0,1,0,10,71,11,2,1,-18.356489464240063,0.0,1.052836052836053,1.173088647725887,nb
749,Synset('raincoat.n.01'),garm,4,1,0,10,22,8,2,4,-14.06642217999536,0.0,1.052836052836053,0.3634922570418241,nb
750,Synset('macintosh.n.02'),garm,1,1,1,11,47,3,4,2,-15.696824373493088,3.613333333333333,1.1581196581196582,0.7765516400438971,nb
751,Synset('windsor_tie.n.01'),garm,0,1,0,10,34,11,1,1,-19.45052508816284,0.0,1.052836052836053,0.5617607608828191,nb
752,Synset('stole.n.01'),garm,0,1,0,9,48,5,1,4,-11.742489358323116,0.0,0.9475524475524476,0.7930740153639799,nb
753,Synset('dolman.n.02'),garm,0,1,1,10,35,6,1,2,-17.051622636135292,3.613333333333333,1.052836052836053,0.5782831362029021,nb
754,Synset('corset.n.01'),garm,1,1,0,10,42,5,3,17,-12.776735019559688,0.0,1.052836052836053,0.6939397634434825,b
755,Synset('hug-me-tight.n.01'),garm,0,1,0,11,23,12,1,1,-20.7564863585844,0.0,1.1581196581196582,0.3800146323619071,nb
756,Synset('roll-on.n.02'),garm,0,1,0,10,50,7,1,2,-17.52738693968479,0.0,1.052836052836053,0.8261187660041458,nb
757,Synset('sack.n.05'),garm,0,1,0,11,37,4,2,13,-12.86215583391968,0.0,1.1581196581196582,0.6113278868430679,nb
758,Synset('tippet.n.01'),garm,0,1,0,11,99,6,1,1,-15.544070048689834,0.0,1.1581196581196582,1.6357151566882089,nb
759,Synset('babushka.n.01'),garm,0,1,0,11,97,8,1,1,-17.160470582444404,0.0,1.1581196581196582,1.6026704060480428,nb
760,Synset('dressing_sack.n.01'),garm,0,1,0,11,43,13,2,1,-19.84916421914404,0.0,1.1581196581196582,0.7104621387635653,nb
761,Synset('maillot.n.01'),garm,0,1,0,9,32,7,2,2,-18.77733543101751,0.0,0.9475524475524476,0.5287160102426534,nb
762,Synset('topper.n.05'),garm,0,1,0,10,20,6,1,6,-16.105494314463243,0.0,1.052836052836053,0.3304475064016583,nb
763,Synset('mantilla.n.01'),garm,0,1,0,9,28,8,1,2,-15.43931682851005,0.0,0.9475524475524476,0.4626265089623216,nb
764,Synset('chemise.n.01'),garm,0,1,1,9,33,4,5,26,-11.494437780002338,3.613333333333333,0.9475524475524476,0.5452383855627362,nb
765,Synset('panty_girdle.n.01'),garm,0,1,0,11,57,12,1,1,-20.07742291507208,0.0,1.1581196581196582,0.9417753932447264,nb
766,Synset('foundation_garment.n.01'),garm,3,1,0,9,69,10,2,7,-11.011412858471882,0.0,0.9475524475524476,1.1400438970857212,nb
767,Synset('chiton.n.01'),garm,0,1,0,11,54,6,1,2,-15.91668938281233,0.0,1.1581196581196582,0.8922082672844774,nb
768,Synset('garment.n.01'),garm,271,1,18,7,22,7,1,2,-11.999943963298788,65.03999999999999,0.736985236985237,0.3634922570418241,nb
769,Synset('neckcloth.n.01'),garm,0,1,0,10,26,5,2,27,-10.330053793459015,0.0,1.052836052836053,0.4295817583221558,nb
770,Synset('haik.n.01'),garm,0,1,0,8,101,4,2,1,-18.197687916188105,0.0,0.8422688422688422,1.6687599073283743,nb
771,Synset('coat.n.01'),garm,53,1,4,9,87,4,1,6,-10.505706719105753,14.453333333333331,0.9475524475524476,1.4374466528472136,b
772,Synset('overskirt.n.01'),garm,0,1,0,9,38,9,1,1,-17.40680672499704,0.0,0.9475524475524476,0.6278502621631508,nb
773,Synset('hair_shirt.n.01'),garm,0,1,0,9,85,10,1,1,-16.752571325511948,0.0,0.9475524475524476,1.404401902207048,nb
774,Synset('brassiere.n.01'),garm,1,2,1,8,54,3,3,1,-14.400730858440772,3.613333333333333,0.8422688422688422,0.8922082672844774,b
775,Synset('robe.n.01'),garm,4,1,0,8,25,4,1,4,-11.852923671185623,0.0,0.8422688422688422,0.4130593830020729,b
776,Synset('tunic.n.02'),garm,6,1,0,10,71,5,1,2,-13.133300989503644,0.0,1.052836052836053,1.173088647725887,b
777,Synset('neckwear.n.01'),garm,12,1,0,8,40,8,1,1,-17.24233436131965,0.0,0.8422688422688422,0.6608950128033166,nb
778,Synset('white_tie.n.01'),garm,0,1,0,11,52,9,1,2,-15.86548522382387,0.0,1.1581196581196582,0.8591635166443117,nb
779,Synset('buckskins.n.01'),garm,0,1,0,10,25,9,1,3,-16.222011016243123,0.0,1.052836052836053,0.4130593830020729,nb
780,Synset('slack_suit.n.01'),garm,1,1,0,9,53,10,1,1,-19.934322032631297,0.0,0.9475524475524476,0.8756858919643945,nb
781,Synset('shawl.n.01'),garm,2,1,0,10,81,5,1,1,-12.72037414164633,0.0,1.052836052836053,1.3383124009267162,b
782,Synset('pallium.n.04'),garm,0,1,0,10,43,7,1,4,-15.906668369031346,0.0,1.052836052836053,0.7104621387635653,nb
783,Synset('wrap.n.01'),garm,0,1,0,10,47,4,2,7,-12.622423501704793,0.0,1.052836052836053,0.7765516400438971,nb
784,Synset('cords.n.01'),garm,0,1,0,9,38,5,2,7,-13.24084908918793,0.0,0.9475524475524476,0.6278502621631508,nb
785,Synset('jodhpurs.n.01'),garm,0,1,1,9,60,8,3,2,-17.259657977372477,3.613333333333333,0.9475524475524476,0.991342519204975,nb
786,Synset('mink.n.02'),garm,0,1,0,11,49,4,2,3,-15.001786259576305,0.0,1.1581196581196582,0.8095963906840629,nb
787,Synset('diaper.n.01'),garm,0,1,0,8,124,5,3,2,-13.71899859437044,0.0,0.8422688422688422,2.0487745396902817,b
788,Synset('scapular.n.02'),garm,0,1,1,8,134,8,2,3,-15.285984714826387,3.613333333333333,0.8422688422688422,2.2139982928911106,nb
789,Synset('stomacher.n.01'),garm,0,1,0,8,108,9,1,1,-16.35521707521255,0.0,0.8422688422688422,1.7844165345689549,nb
790,Synset('ironing.n.01'),garm,1,2,0,8,65,7,1,3,-13.976611156250035,0.0,0.8422688422688422,1.0739543958053896,nb
791,Synset('laundry.n.01'),garm,0,2,0,8,57,4,4,21,-11.816462706936932,0.0,0.8422688422688422,0.9417753932447264,nb
792,Synset('mending.n.01'),garm,0,1,0,8,30,7,1,4,-13.436620241983208,0.0,0.8422688422688422,0.4956712596024875,nb
793,Synset('work-shirt.n.01'),garm,0,2,0,9,50,10,1,1,-20.39696795618692,0.0,0.9475524475524476,0.8261187660041458,nb
794,Synset('britches.n.01'),garm,0,1,0,10,26,8,1,1,-15.68777151926831,0.0,1.052836052836053,0.4295817583221558,nb
795,Synset('flatwork.n.01'),garm,0,1,0,9,37,8,2,1,-19.34829767289863,0.0,0.9475524475524476,0.6113278868430679,nb
796,Synset('gaiter.n.03'),garm,0,1,0,9,88,6,1,3,-17.09839134600249,0.0,0.9475524475524476,1.4539690281672966,nb
797,Synset('cagoule.n.01'),garm,0,1,0,12,29,7,1,1,-18.649379739384464,0.0,1.2634032634032637,0.4791488842824045,nb
798,Synset('blazer.n.01'),garm,0,1,0,11,83,6,5,1,-15.891426727254226,0.0,1.1581196581196582,1.371357151566882,nb
799,Synset('ulster.n.02'),garm,0,1,0,11,51,6,1,2,-15.734577620285682,0.0,1.1581196581196582,0.8426411413242287,nb
800,Synset('norfolk_jacket.n.01'),garm,0,1,0,11,36,14,1,1,-17.115592116931488,0.0,1.1581196581196582,0.594805511522985,nb
801,Synset('hose.n.02'),garm,0,1,0,8,126,4,1,4,-12.624168488848031,0.0,0.8422688422688422,2.0818192903304475,nb
802,Synset('sack_coat.n.01'),garm,0,1,0,10,63,9,1,1,-17.800813248443234,0.0,1.052836052836053,1.0409096451652238,nb
803,Synset('plus_fours.n.01'),garm,0,1,0,10,88,10,1,1,-18.35191282022355,0.0,1.052836052836053,1.4539690281672966,nb
804,Synset('skivvies.n.01'),garm,0,1,0,10,55,8,1,2,-19.63236184479487,0.0,1.052836052836053,0.9087306426045604,nb
805,Synset('old_school_tie.n.01'),garm,0,1,0,10,49,14,1,1,-18.31752641450708,0.0,1.052836052836053,0.8095963906840629,nb
806,Synset('cravat.n.01'),garm,2,1,0,9,74,6,1,1,-14.144707324376595,0.0,0.9475524475524476,1.222655773686136,b
807,Synset('jump_suit.n.01'),garm,0,1,0,8,57,8,2,2,-16.06350151364219,0.0,0.8422688422688422,0.9417753932447264,b
808,Synset('hand-me-down.n.01'),garm,0,1,0,8,55,12,1,2,-16.311761118915214,0.0,0.8422688422688422,0.9087306426045604,nb
809,Synset('gown.n.04'),garm,0,1,0,8,53,4,3,6,-12.70702810353981,0.0,0.8422688422688422,0.8756858919643945,nb
810,Synset('trunk_hose.n.01'),garm,0,1,0,10,69,10,1,1,-17.695979217927718,0.0,1.052836052836053,1.1400438970857212,nb
811,Synset('mantelet.n.02'),garm,0,1,0,11,24,8,2,2,-16.088906885778304,0.0,1.1581196581196582,0.3965370076819899,nb
812,Synset('bermuda_shorts.n.01'),garm,0,1,0,10,32,14,2,1,-17.59572648924063,0.0,1.052836052836053,0.5287160102426534,nb
813,Synset('briefs.n.01'),garm,0,1,0,10,57,6,2,4,-14.271624907472631,0.0,1.052836052836053,0.9417753932447264,nb
814,Synset('pantie.n.01'),garm,0,1,0,10,67,5,4,2,-13.91502223571182,0.0,1.052836052836053,1.1069991464455553,nb
815,Synset('hot_pants.n.02'),garm,0,1,0,10,67,9,1,2,-17.043950319570815,0.0,1.052836052836053,1.1069991464455553,nb
816,Synset('bikini_pants.n.01'),garm,0,1,0,10,49,12,1,1,-19.979784383247527,0.0,1.052836052836053,0.8095963906840629,nb
817,Synset('pedal_pusher.n.01'),garm,0,1,0,9,59,12,2,1,-20.426798526900026,0.0,0.9475524475524476,0.974820143884892,nb
818,Synset('yashmak.n.01'),garm,0,1,0,9,34,7,2,1,-18.122553718185824,0.0,0.9475524475524476,0.5617607608828191,nb
819,Synset('swimsuit.n.01'),garm,3,1,0,8,39,8,5,1,-15.744517495218377,0.0,0.8422688422688422,0.6443726374832337,b
820,Synset('churidars.n.01'),garm,0,1,0,9,93,9,1,1,-20.859591513478826,0.0,0.9475524475524476,1.5365809047677113,nb
821,Synset('trews.n.01'),garm,0,1,0,9,41,5,1,1,-16.985942500866695,0.0,0.9475524475524476,0.6774173881233996,nb
822,Synset('bvd.n.01'),garm,0,1,0,10,29,3,2,1,-18.07652479319219,0.0,1.052836052836053,0.4791488842824045,nb
823,Synset('breeches.n.01'),garm,4,1,1,9,30,8,5,2,-14.3636792762466,3.613333333333333,0.9475524475524476,0.4956712596024875,nb
824,Synset('stretch_pants.n.01'),garm,0,1,0,9,34,13,1,1,-17.729717318326784,0.0,0.9475524475524476,0.5617607608828191,nb
825,Synset('chino.n.01'),garm,0,1,1,9,30,5,1,2,-16.954652316204868,3.613333333333333,0.9475524475524476,0.4956712596024875,nb
826,Synset('long_trousers.n.01'),garm,0,1,0,9,29,10,2,1,-16.54018658654976,0.0,0.9475524475524476,0.4791488842824045,nb
827,Synset('short_pants.n.01'),garm,3,1,0,9,38,6,3,7,-12.846945712431914,0.0,0.9475524475524476,0.6278502621631508,nb
828,Synset('bellbottom_trousers.n.01'),garm,0,1,0,9,96,12,3,1,-18.545171866586223,0.0,0.9475524475524476,1.5861480307279598,nb
829,Synset('pantaloon.n.03'),garm,0,1,0,9,29,9,1,3,-16.59774043772985,0.0,0.9475524475524476,0.4791488842824045,nb
830,Synset('petticoat.n.01'),garm,1,1,0,9,31,9,3,1,-14.881649381674553,0.0,0.9475524475524476,0.5121936349225704,nb
831,Synset('thong.n.02'),garm,0,1,0,10,81,5,1,5,-14.177925281965692,0.0,1.052836052836053,1.3383124009267162,nb
832,Synset('drawers.n.01'),garm,0,1,0,10,22,6,5,7,-13.500461254096503,0.0,1.052836052836053,0.3634922570418241,nb
833,Synset('bloomers.n.01'),garm,0,1,0,10,24,5,4,6,-12.782221928077115,0.0,1.052836052836053,0.3965370076819899,nb
834,Synset('ballet_skirt.n.01'),garm,0,1,0,9,35,4,2,2,-16.872434727337406,0.0,0.9475524475524476,0.5782831362029021,nb
835,Synset('mess_jacket.n.01'),garm,0,1,0,11,100,11,3,1,-18.74377226226997,0.0,1.1581196581196582,1.6522375320082916,nb
836,Synset('long_johns.n.01'),garm,0,1,0,10,29,10,1,1,-16.882419496087586,0.0,1.052836052836053,0.4791488842824045,nb
837,Synset('undies.n.01'),garm,0,1,0,11,17,6,1,1,-16.330159593253043,0.0,1.1581196581196582,0.2808803804414095,nb
838,Synset('lingerie.n.01'),garm,2,1,0,10,34,8,2,1,-15.203405617754736,0.0,1.052836052836053,0.5617607608828191,nb
